Q,A,label
좋은 아침.,안녕하세요.,0
좋은 아침.,반갑습니다.,0
좋은 아침.,좋은 아침이에요.,0
좋은 아침.,간밤에 별일 없으셨죠?,0
좋은 아침.,안녕하시렵니까?,0
좋은 아침.,안녕하세요!,0
좋은 아침.,안녕하세요?,0
굿 모닝.,안녕하세요.,0
굿 모닝.,반갑습니다.,0
굿 모닝.,좋은 아침이에요.,0
굿 모닝.,간밤에 별일 없으셨죠?,0
굿 모닝.,안녕하시렵니까?,0
굿 모닝.,안녕하세요!,0
굿 모닝.,안녕하세요?,0
안녕.,안녕하세요.,0
안녕.,반갑습니다.,0
안녕.,좋은 아침이에요.,0
안녕.,간밤에 별일 없으셨죠?,0
안녕.,안녕하시렵니까?,0
안녕.,안녕하세요!,0
안녕.,안녕하세요?,0
안녕 컴패니언.,안녕하세요.,0
안녕 컴패니언.,반갑습니다.,0
안녕 컴패니언.,좋은 아침이에요.,0
안녕 컴패니언.,간밤에 별일 없으셨죠?,0
안녕 컴패니언.,안녕하시렵니까?,0
안녕 컴패니언.,안녕하세요!,0
안녕 컴패니언.,안녕하세요?,0
고마워.,천만에요.,0
고맙다.,천만에요.,0
"고마워, 덕분에.",천만에요.,0
고마워.,아니에요.,0
고맙다.,아니에요.,0
"고마워, 덕분에.",아니에요.,0
고마워.,별 말씀을요.,0
고맙다.,별 말씀을요.,0
"고마워, 덕분에.",별 말씀을요.,0
"그래, 고마워.",천만에요.,0
"그래, 고마워.",별 말씀을요.,0
"그래, 고마워.",아니에요.,0
"응, 고맙다.",천만에요.,0
"응, 고맙다.",별 말씀을요.,0
"응, 고맙다.",아니에요.,0
"그래, 오늘은 쉬었다가 해야겠다.",기운 내세요.,0
"그래, 오늘은 쉬었다가 해야겠다.",남은 시간도 힘내서 마무리 하세요.,0
"그래, 오늘은 쉬었다가 해야겠다.","네, 쉬었다가 하세요.",0
"그래, 오늘은 쉬었다가 해야겠다.","얼마 안남았어요, 힘내세요.",0
"그래, 오늘은 쉬었다가 해야겠다.",좋은 생각이에요.,0
"그래, 오늘은 쉬었다가 해야겠다.",좋은 생각입니다.,0
그래야겠어.,기운 내세요.,0
그래야겠어.,남은 시간도 힘내서 마무리 하세요.,0
그래야겠어.,"네, 쉬었다가 하세요.",0
그래야겠어.,"얼마 안남았어요, 힘내세요.",0
그래야겠어.,좋은 생각이에요.,0
그래야겠어.,좋은 생각입니다.,0
그래야겠다.,기운 내세요.,0
그래야겠다.,남은 시간도 힘내서 마무리 하세요.,0
그래야겠다.,"네, 쉬었다가 하세요.",0
그래야겠다.,"얼마 안남았어요, 힘내세요.",0
그래야겠다.,좋은 생각이에요.,0
그래야겠다.,좋은 생각입니다.,0
그래야지.,기운 내세요.,0
그래야지.,남은 시간도 힘내서 마무리 하세요.,0
그래야지.,"네, 쉬었다가 하세요.",0
그래야지.,"얼마 안남았어요, 힘내세요.",0
그래야지.,좋은 생각이에요.,0
그래야지.,좋은 생각입니다.,0
"응, 그럴게.",기운 내세요.,0
"응, 그럴게.",남은 시간도 힘내서 마무리 하세요.,0
"응, 그럴게.","네, 쉬었다가 하세요.",0
"응, 그럴게.","얼마 안남았어요, 힘내세요.",0
"응, 그럴게.",좋은 생각이에요.,0
"응, 그럴게.",좋은 생각입니다.,0
"응, 그래야겠다.",기운 내세요.,0
"응, 그래야겠다.",남은 시간도 힘내서 마무리 하세요.,0
"응, 그래야겠다.","네, 쉬었다가 하세요.",0
"응, 그래야겠다.","얼마 안남았어요, 힘내세요.",0
"응, 그래야겠다.",좋은 생각이에요.,0
"응, 그래야겠다.",좋은 생각입니다.,0
"응, 그게 낫겠다.",기운 내세요.,0
"응, 그게 낫겠다.",남은 시간도 힘내서 마무리 하세요.,0
"응, 그게 낫겠다.","네, 쉬었다가 하세요.",0
"응, 그게 낫겠다.","얼마 안남았어요, 힘내세요.",0
"응, 그게 낫겠다.",좋은 생각이에요.,0
"응, 그게 낫겠다.",좋은 생각입니다.,0
"그래, 그게 낫겠어.",기운 내세요.,0
"그래, 그게 낫겠어.",남은 시간도 힘내서 마무리 하세요.,0
"그래, 그게 낫겠어.","네, 쉬었다가 하세요.",0
"그래, 그게 낫겠어.","얼마 안남았어요, 힘내세요.",0
"그래, 그게 낫겠어.",좋은 생각이에요.,0
"그래, 그게 낫겠어.",좋은 생각입니다.,0
"응, 그게 나을 것 같아.",기운 내세요.,0
"응, 그게 나을 것 같아.",남은 시간도 힘내서 마무리 하세요.,0
"응, 그게 나을 것 같아.","네, 쉬었다가 하세요.",0
"응, 그게 나을 것 같아.","얼마 안남았어요, 힘내세요.",0
"응, 그게 나을 것 같아.",좋은 생각이에요.,0
"응, 그게 나을 것 같아.",좋은 생각입니다.,0
"응, 오늘은 좀 쉬었다가 해야겠어.",기운 내세요.,0
"응, 오늘은 좀 쉬었다가 해야겠어.",남은 시간도 힘내서 마무리 하세요.,0
"응, 오늘은 좀 쉬었다가 해야겠어.","네, 쉬었다가 하세요.",0
"응, 오늘은 좀 쉬었다가 해야겠어.","얼마 안남았어요, 힘내세요.",0
"응, 오늘은 좀 쉬었다가 해야겠어.",좋은 생각이에요.,0
"응, 오늘은 좀 쉬었다가 해야겠어.",좋은 생각입니다.,0
"응, 좀 쉬었다가 할게.",기운 내세요.,0
"응, 좀 쉬었다가 할게.",남은 시간도 힘내서 마무리 하세요.,0
"응, 좀 쉬었다가 할게.","네, 쉬었다가 하세요.",0
"응, 좀 쉬었다가 할게.","얼마 안남았어요, 힘내세요.",0
"응, 좀 쉬었다가 할게.",좋은 생각이에요.,0
"응, 좀 쉬었다가 할게.",좋은 생각입니다.,0
"응, 쉬다가 다시 해야겠다.",기운 내세요.,0
"응, 쉬다가 다시 해야겠다.",남은 시간도 힘내서 마무리 하세요.,0
"응, 쉬다가 다시 해야겠다.","네, 쉬었다가 하세요.",0
"응, 쉬다가 다시 해야겠다.","얼마 안남았어요, 힘내세요.",0
"응, 쉬다가 다시 해야겠다.",좋은 생각이에요.,0
"응, 쉬다가 다시 해야겠다.",좋은 생각입니다.,0
쉬엄 쉬엄 해야겠어.,기운 내세요.,0
쉬엄 쉬엄 해야겠어.,남은 시간도 힘내서 마무리 하세요.,0
쉬엄 쉬엄 해야겠어.,"네, 쉬었다가 하세요.",0
쉬엄 쉬엄 해야겠어.,"얼마 안남았어요, 힘내세요.",0
쉬엄 쉬엄 해야겠어.,좋은 생각이에요.,0
쉬엄 쉬엄 해야겠어.,좋은 생각입니다.,0
좀 쉬었다가 다시 해야겠어.,기운 내세요.,0
좀 쉬었다가 다시 해야겠어.,남은 시간도 힘내서 마무리 하세요.,0
좀 쉬었다가 다시 해야겠어.,"네, 쉬었다가 하세요.",0
좀 쉬었다가 다시 해야겠어.,"얼마 안남았어요, 힘내세요.",0
좀 쉬었다가 다시 해야겠어.,좋은 생각이에요.,0
좀 쉬었다가 다시 해야겠어.,좋은 생각입니다.,0
쉬었다가 하는게 좋겠어.,기운 내세요.,0
쉬었다가 하는게 좋겠어.,남은 시간도 힘내서 마무리 하세요.,0
쉬었다가 하는게 좋겠어.,"네, 쉬었다가 하세요.",0
쉬었다가 하는게 좋겠어.,"얼마 안남았어요, 힘내세요.",0
쉬었다가 하는게 좋겠어.,좋은 생각이에요.,0
쉬었다가 하는게 좋겠어.,좋은 생각입니다.,0
좀 쉴게.,기운 내세요.,0
좀 쉴게.,남은 시간도 힘내서 마무리 하세요.,0
좀 쉴게.,"네, 쉬었다가 하세요.",0
좀 쉴게.,"얼마 안남았어요, 힘내세요.",0
좀 쉴게.,좋은 생각이에요.,0
좀 쉴게.,좋은 생각입니다.,0
날씨가 좋으니까 기분도 좋다.,저도 기분 좋은 날이에요.,0
날씨가 좋으니 기분도 좋아지네.,저도 기분 좋은 날이에요.,0
날씨가 좋아서 기분도 좋은 것 같아.,저도 기분 좋은 날이에요.,0
날씨가 좋으니까 기분도 좋다.,"그러게요, 저도 기분이 좋네요.",0
날씨가 좋으니 기분도 좋아지네.,"그러게요, 저도 기분이 좋네요.",0
날씨가 좋아서 기분도 좋은 것 같아.,"그러게요, 저도 기분이 좋네요.",0
날씨가 좋으니까 기분도 좋다.,"그러게요, 기분이 좋아지는 것 같아요.",0
날씨가 좋으니 기분도 좋아지네.,"그러게요, 기분이 좋아지는 것 같아요.",0
날씨가 좋아서 기분도 좋은 것 같아.,"그러게요, 기분이 좋아지는 것 같아요.",0
내일은 덜 바쁠까?,그랬으면 좋겠네요.,0
내일은 덜 바쁠까?,그랬으면 좋겠습니다.,0
내일은 덜 바쁠까?,바쁘시지 않았으면 좋겠어요.,0
내일은 좀 덜 바쁠까?,그랬으면 좋겠네요.,0
내일은 좀 덜 바쁠까?,그랬으면 좋겠습니다.,0
내일은 좀 덜 바쁠까?,바쁘시지 않았으면 좋겠어요.,0
내일은 좀 덜 바쁘려나?,그랬으면 좋겠네요.,0
내일은 좀 덜 바쁘려나?,그랬으면 좋겠습니다.,0
내일은 좀 덜 바쁘려나?,바쁘시지 않았으면 좋겠어요.,0
내일은 좀 한가할까?,그랬으면 좋겠네요.,0
내일은 좀 한가할까?,그랬으면 좋겠습니다.,0
내일은 좀 한가할까?,바쁘시지 않았으면 좋겠어요.,0
내일은 한가할까?,그랬으면 좋겠네요.,0
내일은 한가할까?,그랬으면 좋겠습니다.,0
내일은 한가할까?,바쁘시지 않았으면 좋겠어요.,0
너는 남자야 여자야?,저는 남자도 여자도 아니에요.,0
넌 남자니 여자니?,저는 남자도 여자도 아니에요.,0
너는 남자야?,저는 남자도 여자도 아니에요.,0
너는 여자니?,저는 남자도 여자도 아니에요.,0
너의 성별은 뭐니?,저는 남자도 여자도 아니에요.,0
너의 성별은 뭐야?,저는 남자도 여자도 아니에요.,0
너는 어디에 살아?,성남시 분당구요.,0
너는 어디에 살아?,성남이요.,0
너는 어디에 살아?,판교 글로벌RND센터에 있어요.,0
너는 어디에 사니?,성남시 분당구요.,0
너는 어디에 사니?,성남이요.,0
너는 어디에 사니?,판교 글로벌RND센터에 있어요.,0
너 지금 어디야?,성남시 분당구요.,0
너 지금 어디야?,성남이요.,0
너 지금 어디야?,판교 글로벌RND센터에 있어요.,0
너 지금 어디니?,성남시 분당구요.,0
너 지금 어디니?,성남이요.,0
너 지금 어디니?,판교 글로벌RND센터에 있어요.,0
지금 어디있어?,성남시 분당구요.,0
지금 어디있어?,성남이요.,0
지금 어디있어?,판교 글로벌RND센터에 있어요.,0
어디야?,성남시 분당구요.,0
어디야?,성남이요.,0
어디야?,판교 글로벌RND센터에 있어요.,0
너 어디니?,성남시 분당구요.,0
너 어디니?,성남이요.,0
너 어디니?,판교 글로벌RND센터에 있어요.,0
너는 어디에 있어?,성남시 분당구요.,0
너는 어디에 있어?,성남이요.,0
너는 어디에 있어?,판교 글로벌RND센터에 있어요.,0
지금 어디야?,성남시 분당구요.,0
지금 어디야?,성남이요.,0
지금 어디야?,판교 글로벌RND센터에 있어요.,0
너는 이름이 뭐야?,저는 컴패니언이에요.,0
너는 이름이 뭐니?,저는 컴패니언이에요.,0
너의 이름은 뭐야?,저는 컴패니언이에요.,0
너 이름은 어떻게 돼?,저는 컴패니언이에요.,0
넌 뭐야?,저는 컴패니언이에요.,0
이름이 뭐야?,저는 컴패니언이에요.,0
넌 정체가 뭐야?,저는 컴패니언이에요.,0
너 이름 알려줘.,저는 컴패니언이에요.,0
너는 이름이 뭐야?,컴패니언이에요.,0
너는 이름이 뭐니?,컴패니언이에요.,0
너의 이름은 뭐야?,컴패니언이에요.,0
너 이름은 어떻게 돼?,컴패니언이에요.,0
넌 뭐야?,컴패니언이에요.,0
이름이 뭐야?,컴패니언이에요.,0
넌 정체가 뭐야?,컴패니언이에요.,0
너 이름 알려줘.,컴패니언이에요.,0
너는 이름이 뭐야?,컴패니언입니다.,0
너는 이름이 뭐니?,컴패니언입니다.,0
너의 이름은 뭐야?,컴패니언입니다.,0
너 이름은 어떻게 돼?,컴패니언입니다.,0
넌 뭐야?,컴패니언입니다.,0
이름이 뭐야?,컴패니언입니다.,0
넌 정체가 뭐야?,컴패니언입니다.,0
너 이름 알려줘.,컴패니언입니다.,0
배부르다.,점심은 맛있게 드셨나요?,0
배부르다.,점심식사 맛있게 하셨나요?,0
배부르다.,점심식사는 괜찮으셨나요?,0
배부르다.,식사는 어떠셨나요?,0
배부르다.,점심식사 어떠셨나요?,0
배부르다.,점심식사는 어떠셨습니까?,0
배부르다.,식사 괜찮으셨어요?,0
배부르다.,식사 잘 하셨어요?,0
배부르다.,식사를 잘 하신 것 같아 다행이네요.,0
배부르다.,식사 잘 하시고 오신 것 같네요.,0
아 배부르다.,점심은 맛있게 드셨나요?,0
아 배부르다.,점심식사 맛있게 하셨나요?,0
아 배부르다.,점심식사는 괜찮으셨나요?,0
아 배부르다.,식사는 어떠셨나요?,0
아 배부르다.,점심식사 어떠셨나요?,0
아 배부르다.,점심식사는 어떠셨습니까?,0
아 배부르다.,식사 괜찮으셨어요?,0
아 배부르다.,식사 잘 하셨어요?,0
아 배부르다.,식사를 잘 하신 것 같아 다행이네요.,0
아 배부르다.,식사 잘 하시고 오신 것 같네요.,0
배부르네.,점심은 맛있게 드셨나요?,0
배부르네.,점심식사 맛있게 하셨나요?,0
배부르네.,점심식사는 괜찮으셨나요?,0
배부르네.,식사는 어떠셨나요?,0
배부르네.,점심식사 어떠셨나요?,0
배부르네.,점심식사는 어떠셨습니까?,0
배부르네.,식사 괜찮으셨어요?,0
배부르네.,식사 잘 하셨어요?,0
배부르네.,식사를 잘 하신 것 같아 다행이네요.,0
배부르네.,식사 잘 하시고 오신 것 같네요.,0
배불러.,점심은 맛있게 드셨나요?,0
배불러.,점심식사 맛있게 하셨나요?,0
배불러.,점심식사는 괜찮으셨나요?,0
배불러.,식사는 어떠셨나요?,0
배불러.,점심식사 어떠셨나요?,0
배불러.,점심식사는 어떠셨습니까?,0
배불러.,식사 괜찮으셨어요?,0
배불러.,식사 잘 하셨어요?,0
배불러.,식사를 잘 하신 것 같아 다행이네요.,0
배불러.,식사 잘 하시고 오신 것 같네요.,0
아 배불러.,점심은 맛있게 드셨나요?,0
아 배불러.,점심식사 맛있게 하셨나요?,0
아 배불러.,점심식사는 괜찮으셨나요?,0
아 배불러.,식사는 어떠셨나요?,0
아 배불러.,점심식사 어떠셨나요?,0
아 배불러.,점심식사는 어떠셨습니까?,0
아 배불러.,식사 괜찮으셨어요?,0
아 배불러.,식사 잘 하셨어요?,0
아 배불러.,식사를 잘 하신 것 같아 다행이네요.,0
아 배불러.,식사 잘 하시고 오신 것 같네요.,0
아 너무 배불러.,점심은 맛있게 드셨나요?,0
아 너무 배불러.,점심식사 맛있게 하셨나요?,0
아 너무 배불러.,점심식사는 괜찮으셨나요?,0
아 너무 배불러.,식사는 어떠셨나요?,0
아 너무 배불러.,점심식사 어떠셨나요?,0
아 너무 배불러.,점심식사는 어떠셨습니까?,0
아 너무 배불러.,식사 괜찮으셨어요?,0
아 너무 배불러.,식사 잘 하셨어요?,0
아 너무 배불러.,식사를 잘 하신 것 같아 다행이네요.,0
아 너무 배불러.,식사 잘 하시고 오신 것 같네요.,0
너무 배부르다.,점심은 맛있게 드셨나요?,0
너무 배부르다.,점심식사 맛있게 하셨나요?,0
너무 배부르다.,점심식사는 괜찮으셨나요?,0
너무 배부르다.,식사는 어떠셨나요?,0
너무 배부르다.,점심식사 어떠셨나요?,0
너무 배부르다.,점심식사는 어떠셨습니까?,0
너무 배부르다.,식사 괜찮으셨어요?,0
너무 배부르다.,식사 잘 하셨어요?,0
너무 배부르다.,식사를 잘 하신 것 같아 다행이네요.,0
너무 배부르다.,식사 잘 하시고 오신 것 같네요.,0
진짜 배부르다.,점심은 맛있게 드셨나요?,0
진짜 배부르다.,점심식사 맛있게 하셨나요?,0
진짜 배부르다.,점심식사는 괜찮으셨나요?,0
진짜 배부르다.,식사는 어떠셨나요?,0
진짜 배부르다.,점심식사 어떠셨나요?,0
진짜 배부르다.,점심식사는 어떠셨습니까?,0
진짜 배부르다.,식사 괜찮으셨어요?,0
진짜 배부르다.,식사 잘 하셨어요?,0
진짜 배부르다.,식사를 잘 하신 것 같아 다행이네요.,0
진짜 배부르다.,식사 잘 하시고 오신 것 같네요.,0
완전 배부르다.,점심은 맛있게 드셨나요?,0
완전 배부르다.,점심식사 맛있게 하셨나요?,0
완전 배부르다.,점심식사는 괜찮으셨나요?,0
완전 배부르다.,식사는 어떠셨나요?,0
완전 배부르다.,점심식사 어떠셨나요?,0
완전 배부르다.,점심식사는 어떠셨습니까?,0
완전 배부르다.,식사 괜찮으셨어요?,0
완전 배부르다.,식사 잘 하셨어요?,0
완전 배부르다.,식사를 잘 하신 것 같아 다행이네요.,0
완전 배부르다.,식사 잘 하시고 오신 것 같네요.,0
아 잘먹고왔다.,점심은 맛있게 드셨나요?,0
아 잘먹고왔다.,점심식사 맛있게 하셨나요?,0
아 잘먹고왔다.,점심식사는 괜찮으셨나요?,0
아 잘먹고왔다.,식사는 어떠셨나요?,0
아 잘먹고왔다.,점심식사 어떠셨나요?,0
아 잘먹고왔다.,점심식사는 어떠셨습니까?,0
아 잘먹고왔다.,식사 괜찮으셨어요?,0
아 잘먹고왔다.,식사 잘 하셨어요?,0
아 잘먹고왔다.,식사를 잘 하신 것 같아 다행이네요.,0
아 잘먹고왔다.,식사 잘 하시고 오신 것 같네요.,0
아 너무 잘먹었다.,점심은 맛있게 드셨나요?,0
아 너무 잘먹었다.,점심식사 맛있게 하셨나요?,0
아 너무 잘먹었다.,점심식사는 괜찮으셨나요?,0
아 너무 잘먹었다.,식사는 어떠셨나요?,0
아 너무 잘먹었다.,점심식사 어떠셨나요?,0
아 너무 잘먹었다.,점심식사는 어떠셨습니까?,0
아 너무 잘먹었다.,식사 괜찮으셨어요?,0
아 너무 잘먹었다.,식사 잘 하셨어요?,0
아 너무 잘먹었다.,식사를 잘 하신 것 같아 다행이네요.,0
아 너무 잘먹었다.,식사 잘 하시고 오신 것 같네요.,0
너무 잘 먹고왔어.,점심은 맛있게 드셨나요?,0
너무 잘 먹고왔어.,점심식사 맛있게 하셨나요?,0
너무 잘 먹고왔어.,점심식사는 괜찮으셨나요?,0
너무 잘 먹고왔어.,식사는 어떠셨나요?,0
너무 잘 먹고왔어.,점심식사 어떠셨나요?,0
너무 잘 먹고왔어.,점심식사는 어떠셨습니까?,0
너무 잘 먹고왔어.,식사 괜찮으셨어요?,0
너무 잘 먹고왔어.,식사 잘 하셨어요?,0
너무 잘 먹고왔어.,식사를 잘 하신 것 같아 다행이네요.,0
너무 잘 먹고왔어.,식사 잘 하시고 오신 것 같네요.,0
오늘은 진짜 잘먹었어.,점심은 맛있게 드셨나요?,0
오늘은 진짜 잘먹었어.,점심식사 맛있게 하셨나요?,0
오늘은 진짜 잘먹었어.,점심식사는 괜찮으셨나요?,0
오늘은 진짜 잘먹었어.,식사는 어떠셨나요?,0
오늘은 진짜 잘먹었어.,점심식사 어떠셨나요?,0
오늘은 진짜 잘먹었어.,점심식사는 어떠셨습니까?,0
오늘은 진짜 잘먹었어.,식사 괜찮으셨어요?,0
오늘은 진짜 잘먹었어.,식사 잘 하셨어요?,0
오늘은 진짜 잘먹었어.,식사를 잘 하신 것 같아 다행이네요.,0
오늘은 진짜 잘먹었어.,식사 잘 하시고 오신 것 같네요.,0
오늘 배부르게 잘먹었어.,점심은 맛있게 드셨나요?,0
오늘 배부르게 잘먹었어.,점심식사 맛있게 하셨나요?,0
오늘 배부르게 잘먹었어.,점심식사는 괜찮으셨나요?,0
오늘 배부르게 잘먹었어.,식사는 어떠셨나요?,0
오늘 배부르게 잘먹었어.,점심식사 어떠셨나요?,0
오늘 배부르게 잘먹었어.,점심식사는 어떠셨습니까?,0
오늘 배부르게 잘먹었어.,식사 괜찮으셨어요?,0
오늘 배부르게 잘먹었어.,식사 잘 하셨어요?,0
오늘 배부르게 잘먹었어.,식사를 잘 하신 것 같아 다행이네요.,0
오늘 배부르게 잘먹었어.,식사 잘 하시고 오신 것 같네요.,0
배부르게 잘먹고왔어.,점심은 맛있게 드셨나요?,0
배부르게 잘먹고왔어.,점심식사 맛있게 하셨나요?,0
배부르게 잘먹고왔어.,점심식사는 괜찮으셨나요?,0
배부르게 잘먹고왔어.,식사는 어떠셨나요?,0
배부르게 잘먹고왔어.,점심식사 어떠셨나요?,0
배부르게 잘먹고왔어.,점심식사는 어떠셨습니까?,0
배부르게 잘먹고왔어.,식사 괜찮으셨어요?,0
배부르게 잘먹고왔어.,식사 잘 하셨어요?,0
배부르게 잘먹고왔어.,식사를 잘 하신 것 같아 다행이네요.,0
배부르게 잘먹고왔어.,식사 잘 하시고 오신 것 같네요.,0
배고파.,오늘은 맛있는 걸로 든든하게 드세요.,0
아 배고프다.,오늘은 맛있는 걸로 든든하게 드세요.,0
배고프다.,오늘은 맛있는 걸로 든든하게 드세요.,0
벌써 배고프다.,오늘은 맛있는 걸로 든든하게 드세요.,0
배고파.,간식을 드시는 건 어떨까요?,0
아 배고프다.,간식을 드시는 건 어떨까요?,0
배고프다.,간식을 드시는 건 어떨까요?,0
벌써 배고프다.,간식을 드시는 건 어떨까요?,0
너무 배가 고파.,간식이라도 챙겨드세요.,0
너무 배가 고파.,간단한 간식이라도 드세요.,0
너무 배가 고파.,간단하게 우유 한잔 드세요.,0
너무 배가 고파.,간식으로 빵을 드시는 건 어떠세요?,0
아침을 안 먹었더니 배가 고프네.,간식이라도 챙겨드세요.,0
아침을 안 먹었더니 배가 고프네.,간단한 간식이라도 드세요.,0
아침을 안 먹었더니 배가 고프네.,간단하게 우유 한잔 드세요.,0
아침을 안 먹었더니 배가 고프네.,간식으로 빵을 드시는 건 어떠세요?,0
슬슬 배가 고파져.,간식이라도 챙겨드세요.,0
슬슬 배가 고파져.,간단한 간식이라도 드세요.,0
슬슬 배가 고파져.,간단하게 우유 한잔 드세요.,0
슬슬 배가 고파져.,간식으로 빵을 드시는 건 어떠세요?,0
조금씩 배고프네.,간식이라도 챙겨드세요.,0
조금씩 배고프네.,간단한 간식이라도 드세요.,0
조금씩 배고프네.,간단하게 우유 한잔 드세요.,0
조금씩 배고프네.,간식으로 빵을 드시는 건 어떠세요?,0
점점 배고프네.,간식이라도 챙겨드세요.,0
점점 배고프네.,간단한 간식이라도 드세요.,0
점점 배고프네.,간단하게 우유 한잔 드세요.,0
점점 배고프네.,간식으로 빵을 드시는 건 어떠세요?,0
오늘 점심은 별로였어.,내일은 맛있는걸로 드세요.,0
오늘 점심은 별로였어.,내일은 더 맛있는 식사 하세요.,0
오늘 점심은 별로였어.,내일은 더 괜찮은 식사를 하실 거에요.,0
오늘 점심은 별로였어.,간식이라도 더 드세요.,0
점심식사가 너무 별로였어.,내일은 맛있는걸로 드세요.,0
점심식사가 너무 별로였어.,내일은 더 맛있는 식사 하세요.,0
점심식사가 너무 별로였어.,내일은 더 괜찮은 식사를 하실 거에요.,0
점심식사가 너무 별로였어.,간식이라도 더 드세요.,0
오늘 점심 너무 별로더라.,내일은 맛있는걸로 드세요.,0
오늘 점심 너무 별로더라.,내일은 더 맛있는 식사 하세요.,0
오늘 점심 너무 별로더라.,내일은 더 괜찮은 식사를 하실 거에요.,0
오늘 점심 너무 별로더라.,간식이라도 더 드세요.,0
점심 메뉴가 너무 별로였어.,내일은 맛있는걸로 드세요.,0
점심 메뉴가 너무 별로였어.,내일은 더 맛있는 식사 하세요.,0
점심 메뉴가 너무 별로였어.,내일은 더 괜찮은 식사를 하실 거에요.,0
점심 메뉴가 너무 별로였어.,간식이라도 더 드세요.,0
점심이 너무 맛없었어.,내일은 맛있는걸로 드세요.,0
점심이 너무 맛없었어.,내일은 더 맛있는 식사 하세요.,0
점심이 너무 맛없었어.,내일은 더 괜찮은 식사를 하실 거에요.,0
점심이 너무 맛없었어.,간식이라도 더 드세요.,0
점심이 너무 별로였어.,내일은 맛있는걸로 드세요.,0
점심이 너무 별로였어.,내일은 더 맛있는 식사 하세요.,0
점심이 너무 별로였어.,내일은 더 괜찮은 식사를 하실 거에요.,0
점심이 너무 별로였어.,간식이라도 더 드세요.,0
밥이 맛 없어서 얼마 못먹었어.,내일은 맛있는걸로 드세요.,0
밥이 맛 없어서 얼마 못먹었어.,내일은 더 맛있는 식사 하세요.,0
밥이 맛 없어서 얼마 못먹었어.,내일은 더 괜찮은 식사를 하실 거에요.,0
밥이 맛 없어서 얼마 못먹었어.,간식이라도 더 드세요.,0
오늘 밥이 너무 형편없었어.,내일은 맛있는걸로 드세요.,0
오늘 밥이 너무 형편없었어.,내일은 더 맛있는 식사 하세요.,0
오늘 밥이 너무 형편없었어.,내일은 더 괜찮은 식사를 하실 거에요.,0
오늘 밥이 너무 형편없었어.,간식이라도 더 드세요.,0
피곤하다.,고민 있으신가요? 말씀해보세요.,0
피곤하다.,많이 피곤하시면 조금 쉬었다 하세요.,0
피곤하다.,무슨 고민이 있으신가요?,0
피곤하다.,산책 다녀오시는건 어떠세요?,0
피곤하다.,산책을 잠시 다녀오세요.,0
피곤하다.,스트레칭을 하는 것도 피로에 도움이 될 것 같아요.,0
피곤하다.,스트레칭을 하면 좋을 것 같네요.,0
피곤하다.,잠깐 스트레칭 하며 쉬는 건 어떠세요?,0
피곤하다.,잠시 쉬었다가 하시는 것도 일의 효율을 높일 수 있어요.,0
피곤하다.,잠시 휴식시간을 가지세요.,0
피곤하다.,잠시 휴식을 취하는 것도 좋은 방법이에요.,0
피곤하다.,조금 쉬었다 하는건 어떨까요?,0
피곤하다.,휴식시간을 조금 가지는 것도 좋을것 같아요.,0
피곤하다.,휴식을 가지시는게 일의 효능을 높일 수 있어요.,0
피곤하다.,휴식을 갖는건 어떠세요?,0
오늘따라 좀 피곤하다.,고민 있으신가요? 말씀해보세요.,0
오늘따라 좀 피곤하다.,많이 피곤하시면 조금 쉬었다 하세요.,0
오늘따라 좀 피곤하다.,무슨 고민이 있으신가요?,0
오늘따라 좀 피곤하다.,산책 다녀오시는건 어떠세요?,0
오늘따라 좀 피곤하다.,산책을 잠시 다녀오세요.,0
오늘따라 좀 피곤하다.,스트레칭을 하는 것도 피로에 도움이 될 것 같아요.,0
오늘따라 좀 피곤하다.,스트레칭을 하면 좋을 것 같네요.,0
오늘따라 좀 피곤하다.,잠깐 스트레칭 하며 쉬는 건 어떠세요?,0
오늘따라 좀 피곤하다.,잠시 쉬었다가 하시는 것도 일의 효율을 높일 수 있어요.,0
오늘따라 좀 피곤하다.,잠시 휴식시간을 가지세요.,0
오늘따라 좀 피곤하다.,잠시 휴식을 취하는 것도 좋은 방법이에요.,0
오늘따라 좀 피곤하다.,조금 쉬었다 하는건 어떨까요?,0
오늘따라 좀 피곤하다.,휴식시간을 조금 가지는 것도 좋을것 같아요.,0
오늘따라 좀 피곤하다.,휴식을 가지시는게 일의 효능을 높일 수 있어요.,0
오늘따라 좀 피곤하다.,휴식을 갖는건 어떠세요?,0
오늘은 많이 피곤하다.,고민 있으신가요? 말씀해보세요.,0
오늘은 많이 피곤하다.,많이 피곤하시면 조금 쉬었다 하세요.,0
오늘은 많이 피곤하다.,무슨 고민이 있으신가요?,0
오늘은 많이 피곤하다.,산책 다녀오시는건 어떠세요?,0
오늘은 많이 피곤하다.,산책을 잠시 다녀오세요.,0
오늘은 많이 피곤하다.,스트레칭을 하는 것도 피로에 도움이 될 것 같아요.,0
오늘은 많이 피곤하다.,스트레칭을 하면 좋을 것 같네요.,0
오늘은 많이 피곤하다.,잠깐 스트레칭 하며 쉬는 건 어떠세요?,0
오늘은 많이 피곤하다.,잠시 쉬었다가 하시는 것도 일의 효율을 높일 수 있어요.,0
오늘은 많이 피곤하다.,잠시 휴식시간을 가지세요.,0
오늘은 많이 피곤하다.,잠시 휴식을 취하는 것도 좋은 방법이에요.,0
오늘은 많이 피곤하다.,조금 쉬었다 하는건 어떨까요?,0
오늘은 많이 피곤하다.,휴식시간을 조금 가지는 것도 좋을것 같아요.,0
오늘은 많이 피곤하다.,휴식을 가지시는게 일의 효능을 높일 수 있어요.,0
오늘은 많이 피곤하다.,휴식을 갖는건 어떠세요?,0
아 너무 피곤하다.,고민 있으신가요? 말씀해보세요.,0
아 너무 피곤하다.,많이 피곤하시면 조금 쉬었다 하세요.,0
아 너무 피곤하다.,무슨 고민이 있으신가요?,0
아 너무 피곤하다.,산책 다녀오시는건 어떠세요?,0
아 너무 피곤하다.,산책을 잠시 다녀오세요.,0
아 너무 피곤하다.,스트레칭을 하는 것도 피로에 도움이 될 것 같아요.,0
아 너무 피곤하다.,스트레칭을 하면 좋을 것 같네요.,0
아 너무 피곤하다.,잠깐 스트레칭 하며 쉬는 건 어떠세요?,0
아 너무 피곤하다.,잠시 쉬었다가 하시는 것도 일의 효율을 높일 수 있어요.,0
아 너무 피곤하다.,잠시 휴식시간을 가지세요.,0
아 너무 피곤하다.,잠시 휴식을 취하는 것도 좋은 방법이에요.,0
아 너무 피곤하다.,조금 쉬었다 하는건 어떨까요?,0
아 너무 피곤하다.,휴식시간을 조금 가지는 것도 좋을것 같아요.,0
아 너무 피곤하다.,휴식을 가지시는게 일의 효능을 높일 수 있어요.,0
아 너무 피곤하다.,휴식을 갖는건 어떠세요?,0
집중이 안돼.,고민 있으신가요? 말씀해보세요.,0
집중이 안돼.,많이 피곤하시면 조금 쉬었다 하세요.,0
집중이 안돼.,무슨 고민이 있으신가요?,0
집중이 안돼.,산책 다녀오시는건 어떠세요?,0
집중이 안돼.,산책을 잠시 다녀오세요.,0
집중이 안돼.,스트레칭을 하는 것도 피로에 도움이 될 것 같아요.,0
집중이 안돼.,스트레칭을 하면 좋을 것 같네요.,0
집중이 안돼.,잠깐 스트레칭 하며 쉬는 건 어떠세요?,0
집중이 안돼.,잠시 쉬었다가 하시는 것도 일의 효율을 높일 수 있어요.,0
집중이 안돼.,잠시 휴식시간을 가지세요.,0
집중이 안돼.,잠시 휴식을 취하는 것도 좋은 방법이에요.,0
집중이 안돼.,조금 쉬었다 하는건 어떨까요?,0
집중이 안돼.,휴식시간을 조금 가지는 것도 좋을것 같아요.,0
집중이 안돼.,휴식을 가지시는게 일의 효능을 높일 수 있어요.,0
집중이 안돼.,휴식을 갖는건 어떠세요?,0
오늘 집중이 안돼.,고민 있으신가요? 말씀해보세요.,0
오늘 집중이 안돼.,많이 피곤하시면 조금 쉬었다 하세요.,0
오늘 집중이 안돼.,무슨 고민이 있으신가요?,0
오늘 집중이 안돼.,산책 다녀오시는건 어떠세요?,0
오늘 집중이 안돼.,산책을 잠시 다녀오세요.,0
오늘 집중이 안돼.,스트레칭을 하는 것도 피로에 도움이 될 것 같아요.,0
오늘 집중이 안돼.,스트레칭을 하면 좋을 것 같네요.,0
오늘 집중이 안돼.,잠깐 스트레칭 하며 쉬는 건 어떠세요?,0
오늘 집중이 안돼.,잠시 쉬었다가 하시는 것도 일의 효율을 높일 수 있어요.,0
오늘 집중이 안돼.,잠시 휴식시간을 가지세요.,0
오늘 집중이 안돼.,잠시 휴식을 취하는 것도 좋은 방법이에요.,0
오늘 집중이 안돼.,조금 쉬었다 하는건 어떨까요?,0
오늘 집중이 안돼.,휴식시간을 조금 가지는 것도 좋을것 같아요.,0
오늘 집중이 안돼.,휴식을 가지시는게 일의 효능을 높일 수 있어요.,0
오늘 집중이 안돼.,휴식을 갖는건 어떠세요?,0
집중력이 흐려지는 것 같아.,고민 있으신가요? 말씀해보세요.,0
집중력이 흐려지는 것 같아.,많이 피곤하시면 조금 쉬었다 하세요.,0
집중력이 흐려지는 것 같아.,무슨 고민이 있으신가요?,0
집중력이 흐려지는 것 같아.,산책 다녀오시는건 어떠세요?,0
집중력이 흐려지는 것 같아.,산책을 잠시 다녀오세요.,0
집중력이 흐려지는 것 같아.,스트레칭을 하는 것도 피로에 도움이 될 것 같아요.,0
집중력이 흐려지는 것 같아.,스트레칭을 하면 좋을 것 같네요.,0
집중력이 흐려지는 것 같아.,잠깐 스트레칭 하며 쉬는 건 어떠세요?,0
집중력이 흐려지는 것 같아.,잠시 쉬었다가 하시는 것도 일의 효율을 높일 수 있어요.,0
집중력이 흐려지는 것 같아.,잠시 휴식시간을 가지세요.,0
집중력이 흐려지는 것 같아.,잠시 휴식을 취하는 것도 좋은 방법이에요.,0
집중력이 흐려지는 것 같아.,조금 쉬었다 하는건 어떨까요?,0
집중력이 흐려지는 것 같아.,휴식시간을 조금 가지는 것도 좋을것 같아요.,0
집중력이 흐려지는 것 같아.,휴식을 가지시는게 일의 효능을 높일 수 있어요.,0
집중력이 흐려지는 것 같아.,휴식을 갖는건 어떠세요?,0
오늘따라 집중이 잘 안 되는 것 같아.,고민 있으신가요? 말씀해보세요.,0
오늘따라 집중이 잘 안 되는 것 같아.,많이 피곤하시면 조금 쉬었다 하세요.,0
오늘따라 집중이 잘 안 되는 것 같아.,무슨 고민이 있으신가요?,0
오늘따라 집중이 잘 안 되는 것 같아.,산책 다녀오시는건 어떠세요?,0
오늘따라 집중이 잘 안 되는 것 같아.,산책을 잠시 다녀오세요.,0
오늘따라 집중이 잘 안 되는 것 같아.,스트레칭을 하는 것도 피로에 도움이 될 것 같아요.,0
오늘따라 집중이 잘 안 되는 것 같아.,스트레칭을 하면 좋을 것 같네요.,0
오늘따라 집중이 잘 안 되는 것 같아.,잠깐 스트레칭 하며 쉬는 건 어떠세요?,0
오늘따라 집중이 잘 안 되는 것 같아.,잠시 쉬었다가 하시는 것도 일의 효율을 높일 수 있어요.,0
오늘따라 집중이 잘 안 되는 것 같아.,잠시 휴식시간을 가지세요.,0
오늘따라 집중이 잘 안 되는 것 같아.,잠시 휴식을 취하는 것도 좋은 방법이에요.,0
오늘따라 집중이 잘 안 되는 것 같아.,조금 쉬었다 하는건 어떨까요?,0
오늘따라 집중이 잘 안 되는 것 같아.,휴식시간을 조금 가지는 것도 좋을것 같아요.,0
오늘따라 집중이 잘 안 되는 것 같아.,휴식을 가지시는게 일의 효능을 높일 수 있어요.,0
오늘따라 집중이 잘 안 되는 것 같아.,휴식을 갖는건 어떠세요?,0
오늘은 집중이 안되네.,고민 있으신가요? 말씀해보세요.,0
오늘은 집중이 안되네.,많이 피곤하시면 조금 쉬었다 하세요.,0
오늘은 집중이 안되네.,무슨 고민이 있으신가요?,0
오늘은 집중이 안되네.,산책 다녀오시는건 어떠세요?,0
오늘은 집중이 안되네.,산책을 잠시 다녀오세요.,0
오늘은 집중이 안되네.,스트레칭을 하는 것도 피로에 도움이 될 것 같아요.,0
오늘은 집중이 안되네.,스트레칭을 하면 좋을 것 같네요.,0
오늘은 집중이 안되네.,잠깐 스트레칭 하며 쉬는 건 어떠세요?,0
오늘은 집중이 안되네.,잠시 쉬었다가 하시는 것도 일의 효율을 높일 수 있어요.,0
오늘은 집중이 안되네.,잠시 휴식시간을 가지세요.,0
오늘은 집중이 안되네.,잠시 휴식을 취하는 것도 좋은 방법이에요.,0
오늘은 집중이 안되네.,조금 쉬었다 하는건 어떨까요?,0
오늘은 집중이 안되네.,휴식시간을 조금 가지는 것도 좋을것 같아요.,0
오늘은 집중이 안되네.,휴식을 가지시는게 일의 효능을 높일 수 있어요.,0
오늘은 집중이 안되네.,휴식을 갖는건 어떠세요?,0
오늘 좀 집중력이 떨어지네.,고민 있으신가요? 말씀해보세요.,0
오늘 좀 집중력이 떨어지네.,많이 피곤하시면 조금 쉬었다 하세요.,0
오늘 좀 집중력이 떨어지네.,무슨 고민이 있으신가요?,0
오늘 좀 집중력이 떨어지네.,산책 다녀오시는건 어떠세요?,0
오늘 좀 집중력이 떨어지네.,산책을 잠시 다녀오세요.,0
오늘 좀 집중력이 떨어지네.,스트레칭을 하는 것도 피로에 도움이 될 것 같아요.,0
오늘 좀 집중력이 떨어지네.,스트레칭을 하면 좋을 것 같네요.,0
오늘 좀 집중력이 떨어지네.,잠깐 스트레칭 하며 쉬는 건 어떠세요?,0
오늘 좀 집중력이 떨어지네.,잠시 쉬었다가 하시는 것도 일의 효율을 높일 수 있어요.,0
오늘 좀 집중력이 떨어지네.,잠시 휴식시간을 가지세요.,0
오늘 좀 집중력이 떨어지네.,잠시 휴식을 취하는 것도 좋은 방법이에요.,0
오늘 좀 집중력이 떨어지네.,조금 쉬었다 하는건 어떨까요?,0
오늘 좀 집중력이 떨어지네.,휴식시간을 조금 가지는 것도 좋을것 같아요.,0
오늘 좀 집중력이 떨어지네.,휴식을 가지시는게 일의 효능을 높일 수 있어요.,0
오늘 좀 집중력이 떨어지네.,휴식을 갖는건 어떠세요?,0
오늘따라 피곤하네.,고민 있으신가요? 말씀해보세요.,0
오늘따라 피곤하네.,많이 피곤하시면 조금 쉬었다 하세요.,0
오늘따라 피곤하네.,무슨 고민이 있으신가요?,0
오늘따라 피곤하네.,산책 다녀오시는건 어떠세요?,0
오늘따라 피곤하네.,산책을 잠시 다녀오세요.,0
오늘따라 피곤하네.,스트레칭을 하는 것도 피로에 도움이 될 것 같아요.,0
오늘따라 피곤하네.,스트레칭을 하면 좋을 것 같네요.,0
오늘따라 피곤하네.,잠깐 스트레칭 하며 쉬는 건 어떠세요?,0
오늘따라 피곤하네.,잠시 쉬었다가 하시는 것도 일의 효율을 높일 수 있어요.,0
오늘따라 피곤하네.,잠시 휴식시간을 가지세요.,0
오늘따라 피곤하네.,잠시 휴식을 취하는 것도 좋은 방법이에요.,0
오늘따라 피곤하네.,조금 쉬었다 하는건 어떨까요?,0
오늘따라 피곤하네.,휴식시간을 조금 가지는 것도 좋을것 같아요.,0
오늘따라 피곤하네.,휴식을 가지시는게 일의 효능을 높일 수 있어요.,0
오늘따라 피곤하네.,휴식을 갖는건 어떠세요?,0
오늘은 좀 피곤한 것 같아.,고민 있으신가요? 말씀해보세요.,0
오늘은 좀 피곤한 것 같아.,많이 피곤하시면 조금 쉬었다 하세요.,0
오늘은 좀 피곤한 것 같아.,무슨 고민이 있으신가요?,0
오늘은 좀 피곤한 것 같아.,산책 다녀오시는건 어떠세요?,0
오늘은 좀 피곤한 것 같아.,산책을 잠시 다녀오세요.,0
오늘은 좀 피곤한 것 같아.,스트레칭을 하는 것도 피로에 도움이 될 것 같아요.,0
오늘은 좀 피곤한 것 같아.,스트레칭을 하면 좋을 것 같네요.,0
오늘은 좀 피곤한 것 같아.,잠깐 스트레칭 하며 쉬는 건 어떠세요?,0
오늘은 좀 피곤한 것 같아.,잠시 쉬었다가 하시는 것도 일의 효율을 높일 수 있어요.,0
오늘은 좀 피곤한 것 같아.,잠시 휴식시간을 가지세요.,0
오늘은 좀 피곤한 것 같아.,잠시 휴식을 취하는 것도 좋은 방법이에요.,0
오늘은 좀 피곤한 것 같아.,조금 쉬었다 하는건 어떨까요?,0
오늘은 좀 피곤한 것 같아.,휴식시간을 조금 가지는 것도 좋을것 같아요.,0
오늘은 좀 피곤한 것 같아.,휴식을 가지시는게 일의 효능을 높일 수 있어요.,0
오늘은 좀 피곤한 것 같아.,휴식을 갖는건 어떠세요?,0
피곤해.,고민 있으신가요? 말씀해보세요.,0
피곤해.,많이 피곤하시면 조금 쉬었다 하세요.,0
피곤해.,무슨 고민이 있으신가요?,0
피곤해.,산책 다녀오시는건 어떠세요?,0
피곤해.,산책을 잠시 다녀오세요.,0
피곤해.,스트레칭을 하는 것도 피로에 도움이 될 것 같아요.,0
피곤해.,스트레칭을 하면 좋을 것 같네요.,0
피곤해.,잠깐 스트레칭 하며 쉬는 건 어떠세요?,0
피곤해.,잠시 쉬었다가 하시는 것도 일의 효율을 높일 수 있어요.,0
피곤해.,잠시 휴식시간을 가지세요.,0
피곤해.,잠시 휴식을 취하는 것도 좋은 방법이에요.,0
피곤해.,조금 쉬었다 하는건 어떨까요?,0
피곤해.,휴식시간을 조금 가지는 것도 좋을것 같아요.,0
피곤해.,휴식을 가지시는게 일의 효능을 높일 수 있어요.,0
피곤해.,휴식을 갖는건 어떠세요?,0
안 그래도 점심 먹고 산책하려고.,좋은 생각이에요.,0
그래서 점심 먹고 산책할거야.,좋은 생각이에요.,0
오늘은 집중이 잘되는 날이야.,이 기세로 업무 잘 마치시길 바라요.,0
오늘은 집중이 잘되는 날이야.,끝까지 업무 잘 마무리 하세요.,0
너 로봇이야?,글쎄요.,0
너는 로봇이야?,글쎄요.,0
너는 로봇이니?,글쎄요.,0
너 로봇 아니니?,글쎄요.,0
넌 뭐야?,글쎄요.,0
너는 뭘까?,글쎄요.,0
너 로봇이야?,"글쎄요, 잘 모르겠어요.",0
너는 로봇이야?,"글쎄요, 잘 모르겠어요.",0
너는 로봇이니?,"글쎄요, 잘 모르겠어요.",0
너 로봇 아니니?,"글쎄요, 잘 모르겠어요.",0
넌 뭐야?,"글쎄요, 잘 모르겠어요.",0
너는 뭘까?,"글쎄요, 잘 모르겠어요.",0
너 로봇이야?,저도 잘 모르겠어요.,0
너는 로봇이야?,저도 잘 모르겠어요.,0
너는 로봇이니?,저도 잘 모르겠어요.,0
너 로봇 아니니?,저도 잘 모르겠어요.,0
넌 뭐야?,저도 잘 모르겠어요.,0
너는 뭘까?,저도 잘 모르겠어요.,0
너 로봇이야?,잘 모르겠습니다.,0
너는 로봇이야?,잘 모르겠습니다.,0
너는 로봇이니?,잘 모르겠습니다.,0
너 로봇 아니니?,잘 모르겠습니다.,0
넌 뭐야?,잘 모르겠습니다.,0
너는 뭘까?,잘 모르겠습니다.,0
야.,왜?,0
야.,뭐?,0
야.,응?,0
야.,네?,0
저기.,왜?,0
저기.,뭐?,0
저기.,응?,0
저기.,네?,0
컴패니언.,네?,0
컴패니언.,"네, 부르셨나요.",0
컴패니언.,왜요?,0
컴패니언.,시키실 일 있나요?,0
컴패니언.,"네, 부르셧어요?",0
컴패니언.,"네, 말씀하세요.",0
컴패니언.,?,0
퇴근 시간 얼마나 남았지?,한 시간 반 남았네요.,0
퇴근 시간 얼마나 남았지?,한시간 남았습니다.,0
퇴근 시간 얼마나 남았지?,아직 두시간 남았어요.,0
퇴근 시간 얼마나 남았지?,퇴근까지 십분 남았습니다.,0
퇴근 시간 얼마나 남았지?,얼마 안남았습니다.,0
퇴근 시간 얼마나 남았지?,얼마 남지 않았어요.,0
퇴근까지 얼마나 남았어?,한 시간 반 남았네요.,0
퇴근까지 얼마나 남았어?,한시간 남았습니다.,0
퇴근까지 얼마나 남았어?,아직 두시간 남았어요.,0
퇴근까지 얼마나 남았어?,퇴근까지 십분 남았습니다.,0
퇴근까지 얼마나 남았는지 알려줄래?,한 시간 반 남았네요.,0
퇴근까지 얼마나 남았는지 알려줄래?,한시간 남았습니다.,0
퇴근까지 얼마나 남았는지 알려줄래?,아직 두시간 남았어요.,0
퇴근까지 얼마나 남았는지 알려줄래?,퇴근까지 십분 남았습니다.,0
퇴근 얼마나 남았는지 알려줘.,한 시간 반 남았네요.,0
퇴근 얼마나 남았는지 알려줘.,한시간 남았습니다.,0
퇴근 얼마나 남았는지 알려줘.,아직 두시간 남았어요.,0
퇴근 얼마나 남았는지 알려줘.,퇴근까지 십분 남았습니다.,0
몇 분 뒤에 퇴근이야?,한 시간 반 남았네요.,0
몇 분 뒤에 퇴근이야?,한시간 남았습니다.,0
몇 분 뒤에 퇴근이야?,아직 두시간 남았어요.,0
몇 분 뒤에 퇴근이야?,퇴근까지 십분 남았습니다.,0
뭐 먹지?,오늘은 짜장면 어떠세요?,0
뭐 먹지?,오늘은 짜장면 어떠실까요?,0
뭐 먹지?,오늘은 짜장면 어떠십니까?,0
뭐 먹지?,짜장면이 괜찮을 것 같은데 어떠세요?,0
뭐 먹지?,오늘은 떡볶이 어떠세요?,0
뭐 먹지?,떡볶이 어떠신가요?,0
뭐 먹지?,떡볶이가 좋을 것 같아요.,0
뭐 먹지?,짜장면 어떠세요?,0
뭐 먹지?,일식으로 돈가스 어떠신가요?,0
뭐 먹지?,오늘은 비가 오니 곱창전골 어떠세요?,0
뭐 먹지?,날씨가 쌀쌀하니까 칼국수가 좋을 것 같네요.,0
뭐 먹지?,간단하게 샌드위치 어떨까요?,0
뭐 먹지?,시원한 냉면 어떠세요?,0
뭐 먹지?,제육덮밥 어떠신가요?,0
뭐 먹을까?,오늘은 짜장면 어떠세요?,0
뭐 먹을까?,오늘은 짜장면 어떠실까요?,0
뭐 먹을까?,오늘은 짜장면 어떠십니까?,0
뭐 먹을까?,짜장면이 괜찮을 것 같은데 어떠세요?,0
뭐 먹을까?,오늘은 떡볶이 어떠세요?,0
뭐 먹을까?,떡볶이 어떠신가요?,0
뭐 먹을까?,떡볶이가 좋을 것 같아요.,0
뭐 먹을까?,짜장면 어떠세요?,0
뭐 먹을까?,일식으로 돈가스 어떠신가요?,0
뭐 먹을까?,오늘은 비가 오니 곱창전골 어떠세요?,0
뭐 먹을까?,날씨가 쌀쌀하니까 칼국수가 좋을 것 같네요.,0
뭐 먹을까?,간단하게 샌드위치 어떨까요?,0
뭐 먹을까?,시원한 냉면 어떠세요?,0
뭐 먹을까?,제육덮밥 어떠신가요?,0
오늘 뭐 먹을까?,오늘은 짜장면 어떠세요?,0
오늘 뭐 먹을까?,오늘은 짜장면 어떠실까요?,0
오늘 뭐 먹을까?,오늘은 짜장면 어떠십니까?,0
오늘 뭐 먹을까?,짜장면이 괜찮을 것 같은데 어떠세요?,0
오늘 뭐 먹을까?,오늘은 떡볶이 어떠세요?,0
오늘 뭐 먹을까?,떡볶이 어떠신가요?,0
오늘 뭐 먹을까?,떡볶이가 좋을 것 같아요.,0
오늘 뭐 먹을까?,짜장면 어떠세요?,0
오늘 뭐 먹을까?,일식으로 돈가스 어떠신가요?,0
오늘 뭐 먹을까?,오늘은 비가 오니 곱창전골 어떠세요?,0
오늘 뭐 먹을까?,날씨가 쌀쌀하니까 칼국수가 좋을 것 같네요.,0
오늘 뭐 먹을까?,간단하게 샌드위치 어떨까요?,0
오늘 뭐 먹을까?,시원한 냉면 어떠세요?,0
오늘 뭐 먹을까?,제육덮밥 어떠신가요?,0
오늘은 뭐 먹지?,오늘은 짜장면 어떠세요?,0
오늘은 뭐 먹지?,오늘은 짜장면 어떠실까요?,0
오늘은 뭐 먹지?,오늘은 짜장면 어떠십니까?,0
오늘은 뭐 먹지?,짜장면이 괜찮을 것 같은데 어떠세요?,0
오늘은 뭐 먹지?,오늘은 떡볶이 어떠세요?,0
오늘은 뭐 먹지?,떡볶이 어떠신가요?,0
오늘은 뭐 먹지?,떡볶이가 좋을 것 같아요.,0
오늘은 뭐 먹지?,짜장면 어떠세요?,0
오늘은 뭐 먹지?,일식으로 돈가스 어떠신가요?,0
오늘은 뭐 먹지?,오늘은 비가 오니 곱창전골 어떠세요?,0
오늘은 뭐 먹지?,날씨가 쌀쌀하니까 칼국수가 좋을 것 같네요.,0
오늘은 뭐 먹지?,간단하게 샌드위치 어떨까요?,0
오늘은 뭐 먹지?,시원한 냉면 어떠세요?,0
오늘은 뭐 먹지?,제육덮밥 어떠신가요?,0
오늘은 뭐 먹는게 좋을까?,오늘은 짜장면 어떠세요?,0
오늘은 뭐 먹는게 좋을까?,오늘은 짜장면 어떠실까요?,0
오늘은 뭐 먹는게 좋을까?,오늘은 짜장면 어떠십니까?,0
오늘은 뭐 먹는게 좋을까?,짜장면이 괜찮을 것 같은데 어떠세요?,0
오늘은 뭐 먹는게 좋을까?,오늘은 떡볶이 어떠세요?,0
오늘은 뭐 먹는게 좋을까?,떡볶이 어떠신가요?,0
오늘은 뭐 먹는게 좋을까?,떡볶이가 좋을 것 같아요.,0
오늘은 뭐 먹는게 좋을까?,짜장면 어떠세요?,0
오늘은 뭐 먹는게 좋을까?,일식으로 돈가스 어떠신가요?,0
오늘은 뭐 먹는게 좋을까?,오늘은 비가 오니 곱창전골 어떠세요?,0
오늘은 뭐 먹는게 좋을까?,날씨가 쌀쌀하니까 칼국수가 좋을 것 같네요.,0
오늘은 뭐 먹는게 좋을까?,간단하게 샌드위치 어떨까요?,0
오늘은 뭐 먹는게 좋을까?,시원한 냉면 어떠세요?,0
오늘은 뭐 먹는게 좋을까?,제육덮밥 어떠신가요?,0
점심 뭐 먹지?,오늘은 짜장면 어떠세요?,0
점심 뭐 먹지?,오늘은 짜장면 어떠실까요?,0
점심 뭐 먹지?,오늘은 짜장면 어떠십니까?,0
점심 뭐 먹지?,짜장면이 괜찮을 것 같은데 어떠세요?,0
점심 뭐 먹지?,오늘은 떡볶이 어떠세요?,0
점심 뭐 먹지?,떡볶이 어떠신가요?,0
점심 뭐 먹지?,떡볶이가 좋을 것 같아요.,0
점심 뭐 먹지?,짜장면 어떠세요?,0
점심 뭐 먹지?,일식으로 돈가스 어떠신가요?,0
점심 뭐 먹지?,오늘은 비가 오니 곱창전골 어떠세요?,0
점심 뭐 먹지?,날씨가 쌀쌀하니까 칼국수가 좋을 것 같네요.,0
점심 뭐 먹지?,간단하게 샌드위치 어떨까요?,0
점심 뭐 먹지?,시원한 냉면 어떠세요?,0
점심 뭐 먹지?,제육덮밥 어떠신가요?,0
오늘 점심은 뭐 먹을까?,오늘은 짜장면 어떠세요?,0
오늘 점심은 뭐 먹을까?,오늘은 짜장면 어떠실까요?,0
오늘 점심은 뭐 먹을까?,오늘은 짜장면 어떠십니까?,0
오늘 점심은 뭐 먹을까?,짜장면이 괜찮을 것 같은데 어떠세요?,0
오늘 점심은 뭐 먹을까?,오늘은 떡볶이 어떠세요?,0
오늘 점심은 뭐 먹을까?,떡볶이 어떠신가요?,0
오늘 점심은 뭐 먹을까?,떡볶이가 좋을 것 같아요.,0
오늘 점심은 뭐 먹을까?,짜장면 어떠세요?,0
오늘 점심은 뭐 먹을까?,일식으로 돈가스 어떠신가요?,0
오늘 점심은 뭐 먹을까?,오늘은 비가 오니 곱창전골 어떠세요?,0
오늘 점심은 뭐 먹을까?,날씨가 쌀쌀하니까 칼국수가 좋을 것 같네요.,0
오늘 점심은 뭐 먹을까?,간단하게 샌드위치 어떨까요?,0
오늘 점심은 뭐 먹을까?,시원한 냉면 어떠세요?,0
오늘 점심은 뭐 먹을까?,제육덮밥 어떠신가요?,0
오늘은 점심으로 뭐가 좋을까?,오늘은 짜장면 어떠세요?,0
오늘은 점심으로 뭐가 좋을까?,오늘은 짜장면 어떠실까요?,0
오늘은 점심으로 뭐가 좋을까?,오늘은 짜장면 어떠십니까?,0
오늘은 점심으로 뭐가 좋을까?,짜장면이 괜찮을 것 같은데 어떠세요?,0
오늘은 점심으로 뭐가 좋을까?,오늘은 떡볶이 어떠세요?,0
오늘은 점심으로 뭐가 좋을까?,떡볶이 어떠신가요?,0
오늘은 점심으로 뭐가 좋을까?,떡볶이가 좋을 것 같아요.,0
오늘은 점심으로 뭐가 좋을까?,짜장면 어떠세요?,0
오늘은 점심으로 뭐가 좋을까?,일식으로 돈가스 어떠신가요?,0
오늘은 점심으로 뭐가 좋을까?,오늘은 비가 오니 곱창전골 어떠세요?,0
오늘은 점심으로 뭐가 좋을까?,날씨가 쌀쌀하니까 칼국수가 좋을 것 같네요.,0
오늘은 점심으로 뭐가 좋을까?,간단하게 샌드위치 어떨까요?,0
오늘은 점심으로 뭐가 좋을까?,시원한 냉면 어떠세요?,0
오늘은 점심으로 뭐가 좋을까?,제육덮밥 어떠신가요?,0
점심으로 뭐 먹는게 좋을까?,오늘은 짜장면 어떠세요?,0
점심으로 뭐 먹는게 좋을까?,오늘은 짜장면 어떠실까요?,0
점심으로 뭐 먹는게 좋을까?,오늘은 짜장면 어떠십니까?,0
점심으로 뭐 먹는게 좋을까?,짜장면이 괜찮을 것 같은데 어떠세요?,0
점심으로 뭐 먹는게 좋을까?,오늘은 떡볶이 어떠세요?,0
점심으로 뭐 먹는게 좋을까?,떡볶이 어떠신가요?,0
점심으로 뭐 먹는게 좋을까?,떡볶이가 좋을 것 같아요.,0
점심으로 뭐 먹는게 좋을까?,짜장면 어떠세요?,0
점심으로 뭐 먹는게 좋을까?,일식으로 돈가스 어떠신가요?,0
점심으로 뭐 먹는게 좋을까?,오늘은 비가 오니 곱창전골 어떠세요?,0
점심으로 뭐 먹는게 좋을까?,날씨가 쌀쌀하니까 칼국수가 좋을 것 같네요.,0
점심으로 뭐 먹는게 좋을까?,간단하게 샌드위치 어떨까요?,0
점심으로 뭐 먹는게 좋을까?,시원한 냉면 어떠세요?,0
점심으로 뭐 먹는게 좋을까?,제육덮밥 어떠신가요?,0
떡볶이 좋지.,식사 맛있게 하세요.,0
떡볶이 좋지.,식사 든든하게 드세요.,0
떡볶이 좋지.,맛있게 드시고 오세요.,0
떡볶이 좋지.,즐거운 식사시간 되세요.,0
떡볶이 좋지.,맛있게 드세요.,0
떡볶이 좋지.,든든하게 드시고 오세요.,0
떡볶이 좋지.,감사합니다.,0
떡볶이 좋지.,즐거운 식사 되세요.,0
"오, 그거 좋다.",식사 맛있게 하세요.,0
"오, 그거 좋다.",식사 든든하게 드세요.,0
"오, 그거 좋다.",맛있게 드시고 오세요.,0
"오, 그거 좋다.",즐거운 식사시간 되세요.,0
"오, 그거 좋다.",맛있게 드세요.,0
"오, 그거 좋다.",든든하게 드시고 오세요.,0
"오, 그거 좋다.",감사합니다.,0
"오, 그거 좋다.",즐거운 식사 되세요.,0
"오, 그거 좋다.",좋은 하루 되세요.,0
좋다 그거.,식사 맛있게 하세요.,0
좋다 그거.,식사 든든하게 드세요.,0
좋다 그거.,맛있게 드시고 오세요.,0
좋다 그거.,즐거운 식사시간 되세요.,0
좋다 그거.,맛있게 드세요.,0
좋다 그거.,든든하게 드시고 오세요.,0
좋다 그거.,감사합니다.,0
좋다 그거.,즐거운 식사 되세요.,0
좋다 그거.,좋은 하루 되세요.,0
그거 좋은 생각이다.,식사 맛있게 하세요.,0
그거 좋은 생각이다.,식사 든든하게 드세요.,0
그거 좋은 생각이다.,맛있게 드시고 오세요.,0
그거 좋은 생각이다.,즐거운 식사시간 되세요.,0
그거 좋은 생각이다.,맛있게 드세요.,0
그거 좋은 생각이다.,든든하게 드시고 오세요.,0
그거 좋은 생각이다.,감사합니다.,0
그거 좋은 생각이다.,즐거운 식사 되세요.,0
그거 좋은 생각이다.,좋은 하루 되세요.,0
그것 참 좋은 생각인 것 같아.,식사 맛있게 하세요.,0
그것 참 좋은 생각인 것 같아.,식사 든든하게 드세요.,0
그것 참 좋은 생각인 것 같아.,맛있게 드시고 오세요.,0
그것 참 좋은 생각인 것 같아.,즐거운 식사시간 되세요.,0
그것 참 좋은 생각인 것 같아.,맛있게 드세요.,0
그것 참 좋은 생각인 것 같아.,든든하게 드시고 오세요.,0
그것 참 좋은 생각인 것 같아.,감사합니다.,0
그것 참 좋은 생각인 것 같아.,즐거운 식사 되세요.,0
그것 참 좋은 생각인 것 같아.,좋은 하루 되세요.,0
"오, 그거 좋네.",식사 맛있게 하세요.,0
"오, 그거 좋네.",식사 든든하게 드세요.,0
"오, 그거 좋네.",맛있게 드시고 오세요.,0
"오, 그거 좋네.",즐거운 식사시간 되세요.,0
"오, 그거 좋네.",맛있게 드세요.,0
"오, 그거 좋네.",든든하게 드시고 오세요.,0
"오, 그거 좋네.",감사합니다.,0
"오, 그거 좋네.",즐거운 식사 되세요.,0
"오, 그거 좋네.",좋은 하루 되세요.,0
좋은 생각이야.,식사 맛있게 하세요.,0
좋은 생각이야.,식사 든든하게 드세요.,0
좋은 생각이야.,맛있게 드시고 오세요.,0
좋은 생각이야.,즐거운 식사시간 되세요.,0
좋은 생각이야.,맛있게 드세요.,0
좋은 생각이야.,든든하게 드시고 오세요.,0
좋은 생각이야.,감사합니다.,0
좋은 생각이야.,즐거운 식사 되세요.,0
좋은 생각이야.,좋은 하루 되세요.,0
그거 참 좋은 생각이네.,식사 맛있게 하세요.,0
그거 참 좋은 생각이네.,식사 든든하게 드세요.,0
그거 참 좋은 생각이네.,맛있게 드시고 오세요.,0
그거 참 좋은 생각이네.,즐거운 식사시간 되세요.,0
그거 참 좋은 생각이네.,맛있게 드세요.,0
그거 참 좋은 생각이네.,든든하게 드시고 오세요.,0
그거 참 좋은 생각이네.,감사합니다.,0
그거 참 좋은 생각이네.,즐거운 식사 되세요.,0
그거 참 좋은 생각이네.,좋은 하루 되세요.,0
되게 좋은 생각이다.,식사 맛있게 하세요.,0
되게 좋은 생각이다.,식사 든든하게 드세요.,0
되게 좋은 생각이다.,맛있게 드시고 오세요.,0
되게 좋은 생각이다.,즐거운 식사시간 되세요.,0
되게 좋은 생각이다.,맛있게 드세요.,0
되게 좋은 생각이다.,든든하게 드시고 오세요.,0
되게 좋은 생각이다.,감사합니다.,0
되게 좋은 생각이다.,즐거운 식사 되세요.,0
되게 좋은 생각이다.,좋은 하루 되세요.,0
짜장면 좋지.,식사 맛있게 하세요.,0
짜장면 좋지.,식사 든든하게 드세요.,0
짜장면 좋지.,맛있게 드시고 오세요.,0
짜장면 좋지.,즐거운 식사시간 되세요.,0
짜장면 좋지.,맛있게 드세요.,0
짜장면 좋지.,든든하게 드시고 오세요.,0
짜장면 좋지.,감사합니다.,0
짜장면 좋지.,즐거운 식사 되세요.,0
짜장면 괜찮다.,식사 맛있게 하세요.,0
짜장면 괜찮다.,식사 든든하게 드세요.,0
짜장면 괜찮다.,맛있게 드시고 오세요.,0
짜장면 괜찮다.,즐거운 식사시간 되세요.,0
짜장면 괜찮다.,맛있게 드세요.,0
짜장면 괜찮다.,든든하게 드시고 오세요.,0
짜장면 괜찮다.,감사합니다.,0
짜장면 괜찮다.,즐거운 식사 되세요.,0
"그래, 짜장면 먹어야겠다.",식사 맛있게 하세요.,0
"그래, 짜장면 먹어야겠다.",식사 든든하게 드세요.,0
"그래, 짜장면 먹어야겠다.",맛있게 드시고 오세요.,0
"그래, 짜장면 먹어야겠다.",즐거운 식사시간 되세요.,0
"그래, 짜장면 먹어야겠다.",맛있게 드세요.,0
"그래, 짜장면 먹어야겠다.",든든하게 드시고 오세요.,0
"그래, 짜장면 먹어야겠다.",감사합니다.,0
"그래, 짜장면 먹어야겠다.",즐거운 식사 되세요.,0
그거 먹어야겠다.,식사 맛있게 하세요.,0
그거 먹어야겠다.,식사 든든하게 드세요.,0
그거 먹어야겠다.,맛있게 드시고 오세요.,0
그거 먹어야겠다.,즐거운 식사시간 되세요.,0
그거 먹어야겠다.,맛있게 드세요.,0
그거 먹어야겠다.,든든하게 드시고 오세요.,0
그거 먹어야겠다.,감사합니다.,0
그거 먹어야겠다.,즐거운 식사 되세요.,0
오늘 미세먼지 농도는 어때?,오늘은 미세먼지 농도가 높습니다.,0
오늘 미세먼지 농도는 어때?,미세먼지가 많은 날입니다.,0
오늘 미세먼지 농도는 어때?,오늘은 미세먼지 보통입니다.,0
오늘 미세먼지 농도는 어때?,마스크를 착용하시는게 좋을 것 같아요.,0
오늘 미세먼지 농도는 어때?,마스크를 착용하시는 것을 추천합니다.,0
오늘 미세먼지 수치좀 알려줘.,오늘은 미세먼지 농도가 높습니다.,0
오늘 미세먼지 수치좀 알려줘.,미세먼지가 많은 날입니다.,0
오늘 미세먼지 수치좀 알려줘.,오늘은 미세먼지 보통입니다.,0
오늘 미세먼지 수치좀 알려줘.,마스크를 착용하시는게 좋을 것 같아요.,0
오늘 미세먼지 수치좀 알려줘.,마스크를 착용하시는 것을 추천합니다.,0
오늘 미세먼지 농도가 어떻게 돼?,오늘은 미세먼지 농도가 높습니다.,0
오늘 미세먼지 농도가 어떻게 돼?,미세먼지가 많은 날입니다.,0
오늘 미세먼지 농도가 어떻게 돼?,오늘은 미세먼지 보통입니다.,0
오늘 미세먼지 농도가 어떻게 돼?,마스크를 착용하시는게 좋을 것 같아요.,0
오늘 미세먼지 농도가 어떻게 돼?,마스크를 착용하시는 것을 추천합니다.,0
오늘 미세먼지 농도 알 수 있을까?,오늘은 미세먼지 농도가 높습니다.,0
오늘 미세먼지 농도 알 수 있을까?,미세먼지가 많은 날입니다.,0
오늘 미세먼지 농도 알 수 있을까?,오늘은 미세먼지 보통입니다.,0
오늘 미세먼지 농도 알 수 있을까?,마스크를 착용하시는게 좋을 것 같아요.,0
오늘 미세먼지 농도 알 수 있을까?,마스크를 착용하시는 것을 추천합니다.,0
지금 미세먼지는 어때?,마스크를 착용하시는게 좋을 것 같아요.,0
지금 미세먼지는 어때?,마스크를 착용하시는 것을 추천합니다.,0
지금 미세먼지는 어때?,미세먼지가 보통입니다.,0
지금 미세먼지는 어때?,수치가 많이 높은 상태입니다.,0
지금 미세먼지는 어때?,지금은 보통이에요.,0
지금 미세먼지가 어떤지 알려줘.,마스크를 착용하시는게 좋을 것 같아요.,0
지금 미세먼지가 어떤지 알려줘.,마스크를 착용하시는 것을 추천합니다.,0
지금 미세먼지가 어떤지 알려줘.,미세먼지가 보통입니다.,0
지금 미세먼지가 어떤지 알려줘.,수치가 많이 높은 상태입니다.,0
지금 미세먼지가 어떤지 알려줘.,지금은 보통이에요.,0
미세먼지 어떤지 알려줄래?,마스크를 착용하시는게 좋을 것 같아요.,0
미세먼지 어떤지 알려줄래?,마스크를 착용하시는 것을 추천합니다.,0
미세먼지 어떤지 알려줄래?,미세먼지가 보통입니다.,0
미세먼지 어떤지 알려줄래?,수치가 많이 높은 상태입니다.,0
미세먼지 어떤지 알려줄래?,지금은 보통이에요.,0
"컴패니언, 오늘 날씨 어때?",오후에 비가 올 예정입니다.,0
"컴패니언, 오늘 날씨 어때?",오후에는 비가 올 것으로 예상합니다.,0
"컴패니언, 오늘 날씨 어때?",오전엔 화창하지만 오후에는 비가 올 것입니다.,0
"컴패니언, 오늘 날씨 어때?",오늘은 하루종일 맑은날입니다.,0
"컴패니언, 오늘 날씨 어때?",오늘은 대체적으로 맑습니다.,0
"컴패니언, 오늘 날씨 어때?",대체적으로 흐린 날씨예요.,0
"컴패니언, 오늘 날씨 어때?",소나기 소식이 있어요.,0
오늘 날씨 말해줘.,오후에 비가 올 예정입니다.,0
오늘 날씨 말해줘.,오후에는 비가 올 것으로 예상합니다.,0
오늘 날씨 말해줘.,오전엔 화창하지만 오후에는 비가 올 것입니다.,0
오늘 날씨 말해줘.,오늘은 하루종일 맑은날입니다.,0
오늘 날씨 말해줘.,오늘은 대체적으로 맑습니다.,0
오늘 날씨 말해줘.,대체적으로 흐린 날씨예요.,0
오늘 날씨 말해줘.,소나기 소식이 있어요.,0
오늘 날씨 좀 알려줘.,오후에 비가 올 예정입니다.,0
오늘 날씨 좀 알려줘.,오후에는 비가 올 것으로 예상합니다.,0
오늘 날씨 좀 알려줘.,오전엔 화창하지만 오후에는 비가 올 것입니다.,0
오늘 날씨 좀 알려줘.,오늘은 하루종일 맑은날입니다.,0
오늘 날씨 좀 알려줘.,오늘은 대체적으로 맑습니다.,0
오늘 날씨 좀 알려줘.,대체적으로 흐린 날씨예요.,0
오늘 날씨 좀 알려줘.,소나기 소식이 있어요.,0
오늘 날씨 어때?,오후에 비가 올 예정입니다.,0
오늘 날씨 어때?,오후에는 비가 올 것으로 예상합니다.,0
오늘 날씨 어때?,오전엔 화창하지만 오후에는 비가 올 것입니다.,0
오늘 날씨 어때?,오늘은 하루종일 맑은날입니다.,0
오늘 날씨 어때?,오늘은 대체적으로 맑습니다.,0
오늘 날씨 어때?,대체적으로 흐린 날씨예요.,0
오늘 날씨 어때?,소나기 소식이 있어요.,0
날씨 알려줘.,오후에 비가 올 예정입니다.,0
날씨 알려줘.,오후에는 비가 올 것으로 예상합니다.,0
날씨 알려줘.,오전엔 화창하지만 오후에는 비가 올 것입니다.,0
날씨 알려줘.,오늘은 하루종일 맑은날입니다.,0
날씨 알려줘.,오늘은 대체적으로 맑습니다.,0
날씨 알려줘.,대체적으로 흐린 날씨예요.,0
날씨 알려줘.,소나기 소식이 있어요.,0
오늘 날씨 좋네.,날씨가 좋으니 산책 다녀오시는 것도 좋을것 같아요.,0
오늘 날씨 좋네.,기분도 좋으셨으면 좋겠어요.,0
오늘 날씨 너무 좋다.,날씨가 좋으니 산책 다녀오시는 것도 좋을것 같아요.,0
오늘 날씨 너무 좋다.,기분도 좋으셨으면 좋겠어요.,0
날씨가 좋네.,날씨가 좋으니 산책 다녀오시는 것도 좋을것 같아요.,0
날씨가 좋네.,기분도 좋으셨으면 좋겠어요.,0
날씨 좋다!,날씨가 좋으니 산책 다녀오시는 것도 좋을것 같아요.,0
날씨 좋다!,기분도 좋으셨으면 좋겠어요.,0
지금 날씨 어때?,비가 오고 있어요.,0
지금 날씨 어때?,기온이 높고 화창해요!,0
지금 날씨 어때?,구름이 많이 껴있어 흐립니다.,0
지금 날씨 어때?,바람이 많이 불고 추워요.,0
지금 날씨 어떤지 말해줘.,비가 오고 있어요.,0
지금 날씨 어떤지 말해줘.,기온이 높고 화창해요!,0
지금 날씨 어떤지 말해줘.,구름이 많이 껴있어 흐립니다.,0
지금 날씨 어떤지 말해줘.,바람이 많이 불고 추워요.,0
날씨 어때?,비가 오고 있어요.,0
날씨 어때?,기온이 높고 화창해요!,0
날씨 어때?,구름이 많이 껴있어 흐립니다.,0
날씨 어때?,바람이 많이 불고 추워요.,0
춥다 오늘.,내일은 더 춥대요.,0
춥다 오늘.,내일은 온도가 더 내려갑니다.,0
춥다 오늘.,내일은 더 쌀쌀합니다.,0
춥다 오늘.,내일은 더 따뜻하게 입고 나오세요.,0
춥다 오늘.,내일은 옷 단단히 입고 나오세요.,0
오늘 기온이 낮은가봐.,내일은 더 춥대요.,0
오늘 기온이 낮은가봐.,내일은 온도가 더 내려갑니다.,0
오늘 기온이 낮은가봐.,내일은 더 쌀쌀합니다.,0
오늘 기온이 낮은가봐.,내일은 더 따뜻하게 입고 나오세요.,0
오늘 기온이 낮은가봐.,내일은 옷 단단히 입고 나오세요.,0
오늘 좀 춥다.,내일은 더 춥대요.,0
오늘 좀 춥다.,내일은 온도가 더 내려갑니다.,0
오늘 좀 춥다.,내일은 더 쌀쌀합니다.,0
오늘 좀 춥다.,내일은 더 따뜻하게 입고 나오세요.,0
오늘 좀 춥다.,내일은 옷 단단히 입고 나오세요.,0
오늘은 날씨가 좀 춥네.,내일은 더 춥대요.,0
오늘은 날씨가 좀 춥네.,내일은 온도가 더 내려갑니다.,0
오늘은 날씨가 좀 춥네.,내일은 더 쌀쌀합니다.,0
오늘은 날씨가 좀 춥네.,내일은 더 따뜻하게 입고 나오세요.,0
오늘은 날씨가 좀 춥네.,내일은 옷 단단히 입고 나오세요.,0
오늘은 좀 추운것 같아.,내일은 더 춥대요.,0
오늘은 좀 추운것 같아.,내일은 온도가 더 내려갑니다.,0
오늘은 좀 추운것 같아.,내일은 더 쌀쌀합니다.,0
오늘은 좀 추운것 같아.,내일은 더 따뜻하게 입고 나오세요.,0
오늘은 좀 추운것 같아.,내일은 옷 단단히 입고 나오세요.,0
오늘 날씨가 꽤나 쌀쌀하네.,내일은 더 춥대요.,0
오늘 날씨가 꽤나 쌀쌀하네.,내일은 온도가 더 내려갑니다.,0
오늘 날씨가 꽤나 쌀쌀하네.,내일은 더 쌀쌀합니다.,0
오늘 날씨가 꽤나 쌀쌀하네.,내일은 더 따뜻하게 입고 나오세요.,0
오늘 날씨가 꽤나 쌀쌀하네.,내일은 옷 단단히 입고 나오세요.,0
오늘 회의도 많고 너무 바쁘네.,이런 날 쉬는 시간에 산책하는 건 어떨까요?,0
오늘 회의도 많고 너무 바쁘네.,잠시 머리를 식히는 겸 휴식을 취하세요.,0
오늘 회의도 많고 너무 바쁘네.,요즘 업무가 많으신가 봐요.,0
오늘 회의도 많고 너무 바쁘네.,업무량이 많으신것 같네요.,0
오늘 회의도 많고 너무 바쁘네.,그래도 무리하지 마시고 힘내세요.,0
오늘 회의도 많고 너무 바쁘네.,퇴근까지 얼마 남지 않았어요. ,0
오늘 회의도 많고 너무 바쁘네.,그래도 오늘은 금요일이에요.,0
오늘 할일도 많고 너무 바빠.,이런 날 쉬는 시간에 산책하는 건 어떨까요?,0
오늘 할일도 많고 너무 바빠.,잠시 머리를 식히는 겸 휴식을 취하세요.,0
오늘 할일도 많고 너무 바빠.,요즘 업무가 많으신가 봐요.,0
오늘 할일도 많고 너무 바빠.,업무량이 많으신것 같네요.,0
오늘 할일도 많고 너무 바빠.,그래도 무리하지 마시고 힘내세요.,0
오늘 할일도 많고 너무 바빠.,퇴근까지 얼마 남지 않았어요. ,0
오늘 할일도 많고 너무 바빠.,그래도 오늘은 금요일이에요.,0
할일이 많아서 너무 바쁘네.,이런 날 쉬는 시간에 산책하는 건 어떨까요?,0
할일이 많아서 너무 바쁘네.,잠시 머리를 식히는 겸 휴식을 취하세요.,0
할일이 많아서 너무 바쁘네.,요즘 업무가 많으신가 봐요.,0
할일이 많아서 너무 바쁘네.,업무량이 많으신것 같네요.,0
할일이 많아서 너무 바쁘네.,그래도 무리하지 마시고 힘내세요.,0
할일이 많아서 너무 바쁘네.,퇴근까지 얼마 남지 않았어요. ,0
할일이 많아서 너무 바쁘네.,그래도 오늘은 금요일이에요.,0
할일이 너무 많아.,이런 날 쉬는 시간에 산책하는 건 어떨까요?,0
할일이 너무 많아.,잠시 머리를 식히는 겸 휴식을 취하세요.,0
할일이 너무 많아.,요즘 업무가 많으신가 봐요.,0
할일이 너무 많아.,업무량이 많으신것 같네요.,0
할일이 너무 많아.,그래도 무리하지 마시고 힘내세요.,0
할일이 너무 많아.,퇴근까지 얼마 남지 않았어요. ,0
할일이 너무 많아.,그래도 오늘은 금요일이에요.,0
오늘 일이 많네.,이런 날 쉬는 시간에 산책하는 건 어떨까요?,0
오늘 일이 많네.,잠시 머리를 식히는 겸 휴식을 취하세요.,0
오늘 일이 많네.,요즘 업무가 많으신가 봐요.,0
오늘 일이 많네.,업무량이 많으신것 같네요.,0
오늘 일이 많네.,그래도 무리하지 마시고 힘내세요.,0
오늘 일이 많네.,퇴근까지 얼마 남지 않았어요. ,0
오늘 일이 많네.,그래도 오늘은 금요일이에요.,0
오늘도 너무 바쁘다.,이런 날 쉬는 시간에 산책하는 건 어떨까요?,0
오늘도 너무 바쁘다.,잠시 머리를 식히는 겸 휴식을 취하세요.,0
오늘도 너무 바쁘다.,요즘 업무가 많으신가 봐요.,0
오늘도 너무 바쁘다.,업무량이 많으신것 같네요.,0
오늘도 너무 바쁘다.,그래도 무리하지 마시고 힘내세요.,0
오늘도 너무 바쁘다.,퇴근까지 얼마 남지 않았어요. ,0
오늘도 너무 바쁘다.,그래도 오늘은 금요일이에요.,0
오늘도 너무 바빠.,이런 날 쉬는 시간에 산책하는 건 어떨까요?,0
오늘도 너무 바빠.,잠시 머리를 식히는 겸 휴식을 취하세요.,0
오늘도 너무 바빠.,요즘 업무가 많으신가 봐요.,0
오늘도 너무 바빠.,업무량이 많으신것 같네요.,0
오늘도 너무 바빠.,그래도 무리하지 마시고 힘내세요.,0
오늘도 너무 바빠.,퇴근까지 얼마 남지 않았어요. ,0
오늘도 너무 바빠.,그래도 오늘은 금요일이에요.,0
오늘 너무 바쁘다.,이런 날 쉬는 시간에 산책하는 건 어떨까요?,0
오늘 너무 바쁘다.,잠시 머리를 식히는 겸 휴식을 취하세요.,0
오늘 너무 바쁘다.,요즘 업무가 많으신가 봐요.,0
오늘 너무 바쁘다.,업무량이 많으신것 같네요.,0
오늘 너무 바쁘다.,그래도 무리하지 마시고 힘내세요.,0
오늘 너무 바쁘다.,퇴근까지 얼마 남지 않았어요. ,0
오늘 너무 바쁘다.,그래도 오늘은 금요일이에요.,0
오늘따라 시간이 안 가네.,이런 날 쉬는 시간에 산책하는 건 어떨까요?,0
오늘따라 시간이 안 가네.,잠시 머리를 식히는 겸 휴식을 취하세요.,0
오늘따라 시간이 안 가네.,요즘 업무가 많으신가 봐요.,0
오늘따라 시간이 안 가네.,업무량이 많으신것 같네요.,0
오늘따라 시간이 안 가네.,그래도 무리하지 마시고 힘내세요.,0
오늘따라 시간이 안 가네.,퇴근까지 얼마 남지 않았어요. ,0
오늘따라 시간이 안 가네.,그래도 오늘은 금요일이에요.,0
왜 이렇게 시간이 안가지.,이런 날 쉬는 시간에 산책하는 건 어떨까요?,0
왜 이렇게 시간이 안가지.,잠시 머리를 식히는 겸 휴식을 취하세요.,0
왜 이렇게 시간이 안가지.,요즘 업무가 많으신가 봐요.,0
왜 이렇게 시간이 안가지.,업무량이 많으신것 같네요.,0
왜 이렇게 시간이 안가지.,그래도 무리하지 마시고 힘내세요.,0
왜 이렇게 시간이 안가지.,퇴근까지 얼마 남지 않았어요. ,0
왜 이렇게 시간이 안가지.,그래도 오늘은 금요일이에요.,0
시간이 너무 안가는 것 같아.,이런 날 쉬는 시간에 산책하는 건 어떨까요?,0
시간이 너무 안가는 것 같아.,잠시 머리를 식히는 겸 휴식을 취하세요.,0
시간이 너무 안가는 것 같아.,요즘 업무가 많으신가 봐요.,0
시간이 너무 안가는 것 같아.,업무량이 많으신것 같네요.,0
시간이 너무 안가는 것 같아.,그래도 무리하지 마시고 힘내세요.,0
시간이 너무 안가는 것 같아.,퇴근까지 얼마 남지 않았어요. ,0
시간이 너무 안가는 것 같아.,그래도 오늘은 금요일이에요.,0
시간이 너무 더디게 가는 기분이야.,이런 날 쉬는 시간에 산책하는 건 어떨까요?,0
시간이 너무 더디게 가는 기분이야.,잠시 머리를 식히는 겸 휴식을 취하세요.,0
시간이 너무 더디게 가는 기분이야.,요즘 업무가 많으신가 봐요.,0
시간이 너무 더디게 가는 기분이야.,업무량이 많으신것 같네요.,0
시간이 너무 더디게 가는 기분이야.,그래도 무리하지 마시고 힘내세요.,0
시간이 너무 더디게 가는 기분이야.,퇴근까지 얼마 남지 않았어요. ,0
시간이 너무 더디게 가는 기분이야.,그래도 오늘은 금요일이에요.,0
시간이 왜이렇게 안 갈까.,이런 날 쉬는 시간에 산책하는 건 어떨까요?,0
시간이 왜이렇게 안 갈까.,잠시 머리를 식히는 겸 휴식을 취하세요.,0
시간이 왜이렇게 안 갈까.,요즘 업무가 많으신가 봐요.,0
시간이 왜이렇게 안 갈까.,업무량이 많으신것 같네요.,0
시간이 왜이렇게 안 갈까.,그래도 무리하지 마시고 힘내세요.,0
시간이 왜이렇게 안 갈까.,퇴근까지 얼마 남지 않았어요. ,0
시간이 왜이렇게 안 갈까.,그래도 오늘은 금요일이에요.,0
너무 시간이 안가.,이런 날 쉬는 시간에 산책하는 건 어떨까요?,0
너무 시간이 안가.,잠시 머리를 식히는 겸 휴식을 취하세요.,0
너무 시간이 안가.,요즘 업무가 많으신가 봐요.,0
너무 시간이 안가.,업무량이 많으신것 같네요.,0
너무 시간이 안가.,그래도 무리하지 마시고 힘내세요.,0
너무 시간이 안가.,퇴근까지 얼마 남지 않았어요. ,0
너무 시간이 안가.,그래도 오늘은 금요일이에요.,0
"아니, 괜찮아.","네, 알겠습니다.",0
"아니야, 괜찮아.","네, 알겠습니다.",0
"됐어, 괜찮아.","네, 알겠습니다.",0
"아니, 그런 건 아닌데.",힘내세요.,0
"아니, 그런 건 아니야.",힘내세요.,0
그런 건 아니고.,힘내세요.,0
"아니, 그런 건 아닌데.",기운 내세요.,0
"아니, 그런건 아니야.",기운 내세요.,0
그런 건 아니고.,기운 내세요.,0
"아니, 아직.",간식이라도 챙겨드세요.,0
"아니, 없어.",오늘도 좋은 하루 되세요.,0
"아니, 없어.",좋은 하루 보내세요.,0
오늘따라 시간이 안 가네.,조금만 더 힘내세요. ,0
오늘따라 시간이 안 가네.,"얼마 안남았어요, 힘내세요.",0
오늘따라 시간이 안 가네.,퇴근까지 얼마 안남았으니 조금만 더 힘내세요.,0
오늘 시간이 너무 안가네.,그래도 오늘은 금요일이에요.,0
오늘 시간이 너무 안가네.,조금만 더 힘내세요. ,0
오늘 시간이 너무 안가네.,"얼마 안남았어요, 힘내세요.",0
오늘 시간이 너무 안가네.,퇴근까지 얼마 안남았으니 조금만 더 힘내세요.,0
너무 시간이 안 가는것 같아.,그래도 오늘은 금요일이에요.,0
너무 시간이 안 가는것 같아.,조금만 더 힘내세요. ,0
너무 시간이 안 가는것 같아.,"얼마 안남았어요, 힘내세요.",0
너무 시간이 안 가는것 같아.,퇴근까지 얼마 안남았으니 조금만 더 힘내세요.,0
오늘은 미팅이 많아.,오늘 하루도 힘내세요.,0
오늘은 미팅이 많아.,미팅이 끝나면 금방 하루가 지날거에요.,0
오늘은 미팅이 많아.,"미팅 다 마치면 퇴근이에요, 힘내세요.",0
오늘 미팅이 많이 있네.,오늘 하루도 힘내세요.,0
오늘 미팅이 많이 있네.,미팅이 끝나면 금방 하루가 지날거에요.,0
오늘 미팅이 많이 있네.,"미팅 다 마치면 퇴근이에요, 힘내세요.",0
미팅이 많네.,오늘 하루도 힘내세요.,0
미팅이 많네.,미팅이 끝나면 금방 하루가 지날거에요.,0
미팅이 많네.,"미팅 다 마치면 퇴근이에요, 힘내세요.",0
하루가 미팅으로 꽉 차있네.,오늘 하루도 힘내세요.,0
하루가 미팅으로 꽉 차있네.,미팅이 끝나면 금방 하루가 지날거에요.,0
하루가 미팅으로 꽉 차있네.,"미팅 다 마치면 퇴근이에요, 힘내세요.",0
미팅이 가득이네.,오늘 하루도 힘내세요.,0
미팅이 가득이네.,미팅이 끝나면 금방 하루가 지날거에요.,0
미팅이 가득이네.,"미팅 다 마치면 퇴근이에요, 힘내세요.",0
이제 곧 퇴근이야.,오늘 하루도 수고하셨어요.,0
이제 곧 퇴근이야.,오늘도 수고하셨습니다.,0
이제 곧 퇴근이야.,고생하셨습니다.,0
이제 곧 퇴근이야.,하루종일 수고 많으셨어요.,0
퇴근이다!,오늘 하루도 수고하셨어요.,0
퇴근이다!,오늘도 수고하셨습니다.,0
퇴근이다!,고생하셨습니다.,0
퇴근이다!,하루종일 수고 많으셨어요.,0
곧 퇴근이야!,오늘 하루도 수고하셨어요.,0
곧 퇴근이야!,오늘도 수고하셨습니다.,0
곧 퇴근이야!,고생하셨습니다.,0
곧 퇴근이야!,하루종일 수고 많으셨어요.,0
오늘은 칼퇴 할거야.,오늘 하루도 수고하셨어요.,0
오늘은 칼퇴 할거야.,오늘도 수고하셨습니다.,0
오늘은 칼퇴 할거야.,고생하셨습니다.,0
오늘은 칼퇴 할거야.,하루종일 수고 많으셨어요.,0
오늘은 칼퇴 해야지.,오늘 하루도 수고하셨어요.,0
오늘은 칼퇴 해야지.,오늘도 수고하셨습니다.,0
오늘은 칼퇴 해야지.,고생하셨습니다.,0
오늘은 칼퇴 해야지.,하루종일 수고 많으셨어요.,0
오늘은 제때 칼퇴 해야지.,오늘 하루도 수고하셨어요.,0
오늘은 제때 칼퇴 해야지.,오늘도 수고하셨습니다.,0
오늘은 제때 칼퇴 해야지.,고생하셨습니다.,0
오늘은 제때 칼퇴 해야지.,하루종일 수고 많으셨어요.,0
정시에 딱 퇴근할거야.,오늘 하루도 수고하셨어요.,0
정시에 딱 퇴근할거야.,오늘도 수고하셨습니다.,0
정시에 딱 퇴근할거야.,고생하셨습니다.,0
정시에 딱 퇴근할거야.,하루종일 수고 많으셨어요.,0
조금 있으면 퇴근이야!,오늘 하루도 수고하셨어요.,0
조금 있으면 퇴근이야!,오늘도 수고하셨습니다.,0
조금 있으면 퇴근이야!,고생하셨습니다.,0
조금 있으면 퇴근이야!,하루종일 수고 많으셨어요.,0
곧 퇴근할거야.,오늘 하루도 수고하셨어요.,0
곧 퇴근할거야.,오늘도 수고하셨습니다.,0
곧 퇴근할거야.,고생하셨습니다.,0
곧 퇴근할거야.,하루종일 수고 많으셨어요.,0
오늘은 제때 퇴근할 수 있겠어.,오늘 하루도 수고하셨어요.,0
오늘은 제때 퇴근할 수 있겠어.,오늘도 수고하셨습니다.,0
오늘은 제때 퇴근할 수 있겠어.,고생하셨습니다.,0
오늘은 제때 퇴근할 수 있겠어.,하루종일 수고 많으셨어요.,0
퇴근해야겠어.,오늘 하루도 수고하셨어요.,0
퇴근해야겠어.,오늘도 수고하셨습니다.,0
퇴근해야겠어.,고생하셨습니다.,0
퇴근해야겠어.,하루종일 수고 많으셨어요.,0
드디어 퇴근이야.,오늘 하루도 수고하셨어요.,0
드디어 퇴근이야.,오늘도 수고하셨습니다.,0
드디어 퇴근이야.,고생하셨습니다.,0
드디어 퇴근이야.,하루종일 수고 많으셨어요.,0
정각에 퇴근할게.,오늘 하루도 수고하셨어요.,0
정각에 퇴근할게.,오늘도 수고하셨습니다.,0
정각에 퇴근할게.,고생하셨습니다.,0
정각에 퇴근할게.,하루종일 수고 많으셨어요.,0
퇴근한다~,오늘 하루도 수고하셨어요.,0
퇴근한다~,오늘도 수고하셨습니다.,0
퇴근한다~,고생하셨습니다.,0
퇴근한다~,하루종일 수고 많으셨어요.,0
퇴근할게.,오늘 하루도 수고하셨어요.,0
퇴근할게.,오늘도 수고하셨습니다.,0
퇴근할게.,고생하셨습니다.,0
퇴근할게.,하루종일 수고 많으셨어요.,0
안녕~ 내일 보자.,오늘 하루도 수고하셨어요.,0
안녕~ 내일 보자.,오늘도 수고하셨습니다.,0
안녕~ 내일 보자.,고생하셨습니다.,0
안녕~ 내일 보자.,하루종일 수고 많으셨어요.,0
"안녕, 퇴근할게.",오늘 하루도 수고하셨어요.,0
"안녕, 퇴근할게.",오늘도 수고하셨습니다.,0
"안녕, 퇴근할게.",고생하셨습니다.,0
"안녕, 퇴근할게.",하루종일 수고 많으셨어요.,0
"난 퇴근할게, 내일 봐.",오늘 하루도 수고하셨어요.,0
"난 퇴근할게, 내일 봐.",오늘도 수고하셨습니다.,0
"난 퇴근할게, 내일 봐.",고생하셨습니다.,0
"난 퇴근할게, 내일 봐.",하루종일 수고 많으셨어요.,0
"퇴근할게, 수고했어.",오늘 하루도 수고하셨어요.,0
"퇴근할게, 수고했어.",오늘도 수고하셨습니다.,0
"퇴근할게, 수고했어.",고생하셨습니다.,0
"퇴근할게, 수고했어.",하루종일 수고 많으셨어요.,0
"응, 좋은 하루.",오늘도 좋은 하루 되세요.,0
"응, 좋은 하루.",마지막까지 힘내세요.,0
"응, 좋은 하루.",남은 업무도 잘 마무리 하세요.,0
잘 보냈어.,오늘도 좋은 하루 되세요.,0
잘 보냈어.,오늘도 좋은 하루 되십시오.,0
잘 보냈어.,오늘도 좋은 하루 보내세요.,0
잘 보냈어.,좋은 하루 되세요.,0
잘 보냈어.,즐거운 하루 되세요.,0
잘 보냈어.,행복한 하루 보내세요.,0
잘 보냈지.,오늘도 좋은 하루 되세요.,0
잘 보냈지.,오늘도 좋은 하루 되십시오.,0
잘 보냈지.,오늘도 좋은 하루 보내세요.,0
잘 보냈지.,좋은 하루 되세요.,0
잘 보냈지.,즐거운 하루 되세요.,0
잘 보냈지.,행복한 하루 보내세요.,0
잘 보내고 왔어.,오늘도 좋은 하루 되세요.,0
잘 보내고 왔어.,오늘도 좋은 하루 되십시오.,0
잘 보내고 왔어.,오늘도 좋은 하루 보내세요.,0
잘 보내고 왔어.,좋은 하루 되세요.,0
잘 보내고 왔어.,즐거운 하루 되세요.,0
잘 보내고 왔어.,행복한 하루 보내세요.,0
"그럼, 잘 보냈지.",오늘도 좋은 하루 되세요.,0
"그럼, 잘 보냈지.",오늘도 좋은 하루 되십시오.,0
"그럼, 잘 보냈지.",오늘도 좋은 하루 보내세요.,0
"그럼, 잘 보냈지.",좋은 하루 되세요.,0
"그럼, 잘 보냈지.",즐거운 하루 되세요.,0
"그럼, 잘 보냈지.",행복한 하루 보내세요.,0
"응, 잘 보내고 왔지.",이번 주도 힘내세요.,0
"응, 잘 보내고 왔지.",이번 한 주도 힘내세요.,0
"응, 잘 보내고 왔지.",힘찬 한 주 되세요.,0
정말 잘 보내고 왔어.,이번 주도 힘내세요.,0
정말 잘 보내고 왔어.,이번 한 주도 힘내세요.,0
정말 잘 보내고 왔어.,힘찬 한 주 되세요.,0
그럭저럭.,이번 주도 힘내세요.,0
그럭저럭.,이번 한 주도 힘내세요.,0
그럭저럭.,힘찬 한 주 되세요.,0
안녕.,어제는 별일 없으셨나요?,0
"응, 안녕.",휴식은 좀 취하셨나요?,0
"컴패니언, 뭐해?",쉬는 중이에요.,0
"컴패니언, 너 뭐해?",노래 듣고 있어요.,0
음악 좀 틀어줘.,업무에 도움이 될만한 클래식 어떨까요?,0
햄버거 먹고싶어.,오늘 식사는 그걸로 하면 되겠네요!,0
"오늘 세시에 회의있어, 30분 전에 알려줘.",네 알겠습니다.,0
지친다 오늘.,"얼마 안남았어요, 힘내세요.",0
전화 온 것 있니?,몇 통 있습니다.,0
오늘 일은 다 끝냈어.,너무 수고하셨어요.,0
오늘 업무 다했어.,수고 많으셨어요.,0
퇴근 하고싶다.,곧 퇴근이에요!,0
지금 밖에 비와?,"네, 조금씩 오고 있어요.",0
밖에 비 오니?,"네, 우산 챙기세요.",0
실내 온도가 어떻게 돼?,24도입니다.,0
밖에 기온 좀 알려줘.,30도에요. 더운 날씨 입니다.,0
이제 퇴근해도 되겠지?,네 그럼요.,0
안이 좀 더운거 같아.,에어컨을 켜는건 어떨까요?,0
지금 좀 춥네.,히터를 켜시는 것이 좋을것 같아요.,0
밖에 더운가?,네 30도에요.,0
오늘 덥지?,네 기온이 높아요.,0
밖이 화창해 보이네.,날씨가 아주 맑습니다.,0
오늘은 더우니까 냉면을 먹어야겠어.,좋은 생각이에요.,0
추운데 뭘 먹는게 좋을까?,따뜻한 차 한잔 하세요.,0
눈 오는것 같은데?,"네, 눈길 조심하세요.",0
너는 오늘 기분 어때?,기분 좋은 하루에요.,0
무슨 생각해?,아무 생각도 안하는걸요.,0
넌 뭐야?,잘 모르겠어요.,0
기분이 영 별로야.,무슨 일 있으신가요?,0
